name,category
Moody Ltd,utility
Houston Inc,agricultural
Case-Kim,government
Edwards Ltd,contracted
Sloan-Lewis,retail
"Potter, Hardin and Watson",business
Adams Ltd,government
Lopez-Lee,retail
"Douglas, Rangel and Nielsen",utility
"Garza, Anderson and Small",contracted
Thompson-Barrett,professional
"Day, Patel and Hanson",transportation
Allen-James,utility
"Ward, Cooke and Guzman",lodging
Robinson Ltd,retail
"Clayton, Anderson and Thornton",retail
Wade-Mcfarland,business
"Garcia, Johnson and Powell",clothing
"Mayer, Burgess and Donaldson",business
Lee-Martin,utility
Young-Townsend,government
Johnson Ltd,agricultural
Scott-Boone,business
"Fox, Brady and Matthews",retail
Garcia-Smith,government
"Miller, Williams and Gonzalez",business
Miller and Sons,lodging
"Howell, Williamson and Bush",misc
Estrada and Sons,professional
Watts Ltd,business
"Clark, Escobar and Lopez",professional
"Gonzalez, Weber and Tanner",utility
Wolfe-Young,lodging
"Roth, Hodges and Roberts",agricultural
Richardson Inc,lodging
Kerr Group,transportation
"Pearson, Jones and Johnson",airlines
Gray-Adams,misc
Parker PLC,agricultural
Davis PLC,retail
"Brooks, Davis and Erickson",government
Henderson-Reyes,utility
Jackson-Booth,agricultural
"Young, Chan and Brown",clothing
"Rivera, Turner and Bell",utility
"Jacobs, Sandoval and Molina",lodging
Conley-Mcknight,contracted
"Moore, Sloan and Vazquez",contracted
"Clayton, Page and Hammond",business
"Mcpherson, Petersen and Hawkins",retail
Parks-Case,professional
Alvarado-Hendrix,lodging
Prince LLC,misc
Hernandez-Lee,government
Jones and Sons,government
"Rose, Brown and Nelson",business
Colon Group,retail
Coleman Group,utility
"Lewis, Johnson and Conley",government
Garcia Inc,business
Nelson-Brown,professional
Harris and Sons,clothing
Walker Group,utility
Lowe-Dalton,professional
Adams PLC,airlines
"Black, Berg and Williams",clothing
Williams-Smith,government
"Johnston, Whitney and Hatfield",contracted
Zavala Ltd,misc
Hall-Coleman,retail
"Mason, Smith and Dennis",business
Davis LLC,transportation
Riley-Weber,business
"Rodriguez, Lin and Dillon",business
"Lopez, Cohen and Morales",airlines
"Carter, Walker and Steele",business
Baldwin-Ray,misc
Jimenez-Paul,lodging
Ortiz PLC,transportation
Shaffer Group,transportation
Austin-Price,misc
"Griffin, Boone and Holland",retail
Monroe Ltd,retail
Lambert Inc,retail
Huynh-Williams,misc
"Deleon, Johnson and Murphy",business
"Howard, Kennedy and Avery",retail
"Cruz, George and Mendez",professional
Bruce Ltd,lodging
"Collins, Jones and Adams",misc
Brown-Mckinney,agricultural
George-Thompson,airlines
Hahn-Spence,misc
Thompson PLC,retail
Melendez Ltd,misc
"Kelley, Robinson and Martin",clothing
Pearson Inc,agricultural
Myers PLC,agricultural
Martin-Bautista,contracted
"Rose, Morris and Johns",transportation
"Roberts, Rich and Gamble",retail
"Collier, Aguilar and King",professional
Young and Sons,agricultural
"Mccarty, Miles and Rogers",airlines
"Richardson, Perez and Frank",clothing
"Palmer, Ball and Ponce",utility
Jensen-Tran,retail
Fox PLC,lodging
Long-Hamilton,airlines
Solis-Rivera,government
Hooper and Sons,misc
Patterson-Wilson,utility
"Tucker, Patterson and Newton",airlines
"Freeman, Wright and Gonzalez",misc
Martinez-Patton,retail
Meza-Johnson,contracted
Adams PLC,lodging
Patterson Ltd,misc
"Jackson, Mills and Hill",agricultural
Campbell Inc,clothing
Collins PLC,transportation
Williams-Baker,misc
Gay Ltd,retail
Webb-Anderson,contracted
Nixon PLC,airlines
Wiley-Wilson,transportation
Gray and Sons,government
Osborne PLC,transportation
Howard-Stanley,contracted
Beck Inc,business
Foster-Orozco,business
Williams-Calderon,transportation
"Tran, Schneider and Humphrey",transportation
"Lewis, Wright and Hayes",utility
"King, Diaz and Ferguson",contracted
Harris LLC,business
"Newman, Daniels and Callahan",misc
Mayer LLC,airlines
Williams Ltd,contracted
"Moore, Bailey and Suarez",agricultural
Lynch LLC,transportation
Mason PLC,lodging
"Vargas, Nguyen and Bennett",professional
Fernandez PLC,transportation
Brown PLC,airlines
"Weber, Reilly and Bennett",government
"Lopez, Boyd and Ramirez",misc
"Jones, Anderson and Peters",professional
Brown Group,business
Smith PLC,professional
Newton-Hunter,misc
"Clark, Torres and Pineda",utility
Farmer-Deleon,contracted
Foley PLC,lodging
Kerr-Stafford,lodging
"Dodson, Brooks and Mccormick",government
Anderson-Raymond,clothing
Green and Sons,misc
"Black, Vasquez and Meyer",government
"Johnson, Young and Turner",clothing
Frazier and Sons,professional
Gibbs and Sons,retail
King-Smith,airlines
Sherman PLC,utility
Torres PLC,transportation
"Gibbs, Serrano and Garcia",transportation
Wood-Obrien,airlines
Atkins-Howard,contracted
Brewer-Murphy,contracted
Gallegos PLC,contracted
Jackson Ltd,business
Patterson Inc,utility
Christensen Ltd,utility
"Carrillo, Scott and Smith",lodging
"Garner, Curtis and Burch",airlines
Leach and Sons,utility
Perkins LLC,airlines
"Rodgers, Woods and Holder",government
Green Ltd,misc
Clements Inc,misc
Murphy-Perry,government
Martinez Group,transportation
Hill-Spencer,utility
Barajas PLC,contracted
Rivera-Brooks,contracted
Garcia-Greene,lodging
Bryant LLC,government
"Campbell, Harrison and Walsh",utility
Stout Inc,misc
"Reynolds, Evans and Tran",misc
"Ramos, Mcguire and Ferrell",business
Thomas-Wallace,misc
Cook Ltd,transportation
Robertson-Reynolds,contracted
"Mitchell, Rangel and Hammond",government
Andrade-Taylor,utility
Taylor Ltd,lodging
Matthews-Meadows,business
"Knight, Sullivan and King",business
"Miller, Lopez and Walker",airlines
Daniels-Kidd,clothing
Johnson PLC,utility
"Anderson, Baker and Bailey",utility
Skinner-Rivera,lodging
Riggs-Alvarado,transportation
"Williams, Morse and Powers",transportation
Johnson-Ellis,misc
Turner-Riddle,agricultural
Welch and Sons,lodging
"Hill, Mckee and Sutton",agricultural
"Anderson, Bush and Dixon",professional
Greene-Rangel,agricultural
"Brown, Nielsen and Cameron",misc
Rhodes PLC,utility
"Villarreal, Jennings and Delacruz",clothing
"Jarvis, Taylor and Evans",government
Long-Weiss,retail
Mills and Sons,airlines
Russell-Torres,clothing
"Douglas, Johnson and Schmitt",business
Lee PLC,professional
Webb PLC,transportation
Martin Ltd,utility
Howard-Reed,utility
Campbell Ltd,professional
Brown-House,contracted
"Ray, Carpenter and Larson",agricultural
"Moore, Jones and Weaver",retail
Wallace and Sons,utility
Scott LLC,lodging
Stark-Dodson,clothing
Lucas Ltd,transportation
Powers-Parrish,utility
"Noble, Grant and Hughes",business
Valencia Ltd,government
Barber LLC,retail
Allen-Gonzalez,contracted
Wilson PLC,lodging
"Williams, Williams and Thompson",retail
"Bishop, Hernandez and Shannon",agricultural
Gonzalez and Sons,business
"Armstrong, Lucas and Lam",clothing
Powers Inc,airlines
Cox Ltd,business
"Dawson, Johnson and Jones",lodging
Smith PLC,retail
"Martinez, Campbell and Herman",agricultural
"Mccormick, Miranda and Allen",business
Owens-Sullivan,government
Jackson LLC,airlines
Price Group,misc
Roberts-Pham,business
"Rodriguez, Whitehead and Johnson",contracted
"Walker, Richards and Harper",transportation
"Moore, Small and Freeman",government
"Hanson, Mendoza and Johnson",agricultural
"Mitchell, Tyler and Gibson",transportation
Kaiser PLC,clothing
Bauer-Myers,utility
"Quinn, Jackson and Landry",retail
Riley-Roberts,airlines
"Clark, Marshall and Clay",contracted
"Arnold, English and Smith",transportation
Johnson-Zuniga,agricultural
"Mendoza, Smith and Gregory",government
"Brown, Griffin and Allen",government
Barnes PLC,professional
Young-Smith,lodging
Baxter Inc,retail
Henry Inc,transportation
"Zamora, Robinson and Sawyer",contracted
Cook Ltd,professional
Rivas-Brewer,clothing
Ross and Sons,contracted
Williams-Hooper,lodging
Hughes-Martinez,transportation
"Blake, Garza and Ryan",business
Werner LLC,professional
Flores-Dennis,utility
Mccoy-King,transportation
Garcia Inc,government
Robinson-Weeks,government
Simpson Ltd,contracted
Webb and Sons,lodging
Brown-Reynolds,clothing
Moore Ltd,retail
Johnston-Wilson,clothing
"Gordon, Hodge and Fisher",business
Hartman Ltd,business
"Garrett, Everett and Bonilla",professional
Mills PLC,transportation
"Horn, Johnson and Bishop",contracted
Jackson Inc,lodging
Wilson-Ortega,retail
"Phillips, Keith and Martinez",contracted
Bailey-Chen,clothing
Duran and Sons,transportation
"Hawkins, Tucker and Thompson",transportation
Castro-Andrews,agricultural
"Brock, Romero and Cantrell",government
"Lutz, Carter and Shea",utility
"Freeman, Robertson and Clarke",transportation
"Wallace, Smith and Ramirez",transportation
"Hall, Sanchez and Sandoval",professional
Dorsey and Sons,clothing
Hughes LLC,utility
"Nguyen, Villarreal and Flores",contracted
Garcia-Campbell,retail
Williams PLC,clothing
Garcia Ltd,clothing
Walker-Thomas,retail
"Thomas, Mitchell and Woods",utility
"Wilson, Taylor and Pope",clothing
Smith-Nguyen,transportation
Morris PLC,government
Kennedy-Schroeder,misc
Jennings PLC,government
"Miller, Howell and Bailey",professional
Butler LLC,utility
"Martin, Oliver and Simpson",utility
Reyes-Wolfe,transportation
Woods-Smith,professional
Gonzalez-Swanson,professional
Brown and Sons,government
"Mejia, Mcdaniel and Richmond",agricultural
"Carroll, Harris and Nelson",transportation
Riley-Garza,airlines
Clark and Sons,misc
Snow-Palmer,clothing
Griffin-Hays,contracted
Bauer-Bennett,lodging
"Haney, Lopez and Payne",retail
"Allen, Jimenez and Carter",clothing
Chambers PLC,utility
Daniels-Clarke,agricultural
Mooney PLC,airlines
"Lopez, Tyler and Howard",utility
Schroeder Inc,government
"Bailey, Rogers and Duran",business
French-Moore,business
Sanchez PLC,transportation
"Jones, Moore and Porter",clothing
Harris-Powell,lodging
Thompson-Baldwin,clothing
Hill LLC,retail
"Norman, Jenkins and Cortez",utility
"Davis, Wilson and Pope",professional
Foster-Proctor,transportation
"Hutchinson, Davis and Wade",professional
"Thompson, Copeland and Pham",airlines
Taylor-Richmond,retail
Wilson LLC,business
Peck-Fritz,contracted
Hoover-Morales,transportation
"Lin, Macdonald and Johnson",airlines
Bowman-Chapman,professional
"Williamson, Webb and Gilmore",retail
Gallegos Ltd,professional
Daniel-Kennedy,contracted
Chang Inc,agricultural
Farrell Ltd,transportation
Greer and Sons,transportation
Dean-Sawyer,transportation
"Richards, Moss and Miller",lodging
Dawson-Medina,professional
Weaver-Larson,utility
Pierce-Medina,airlines
"Patel, Bailey and Guerra",transportation
Collins-White,contracted
Ellis-Mason,transportation
Mcneil-Ramos,misc
Simon Ltd,professional
"Palmer, Quinn and Garrett",business
Garrett-Rodriguez,utility
Salas-Wright,contracted
Evans-Hutchinson,transportation
"Rojas, Young and Maxwell",contracted
"Galloway, Peters and Conway",transportation
Williams-Higgins,agricultural
Cobb-Tran,government
Hammond Ltd,agricultural
Sanders-Wilson,business
Miller-Flores,agricultural
"Castillo, Rosario and Thomas",clothing
Kennedy Ltd,agricultural
Orr-Palmer,retail
Mendoza-Holmes,transportation
Nguyen-Moore,retail
Mcdaniel PLC,transportation
Dawson PLC,agricultural
"Sandoval, Mendez and Herrera",contracted
"Garcia, Griffin and Thomas",misc
Reyes Inc,lodging
Aguirre Inc,utility
"Jacobs, Davidson and Barber",transportation
"Wolfe, Summers and Thompson",agricultural
Gonzalez LLC,airlines
Pruitt-Smith,agricultural
Murray PLC,utility
Hayes PLC,utility
"Sloan, Daniel and Mack",government
"Franklin, Pennington and Martinez",lodging
Johnson LLC,misc
Johnson-Martinez,utility
Doyle-Smith,lodging
"Ray, Green and Juarez",agricultural
Beltran Inc,transportation
"Miller, Allen and Lee",business
Johnson-Callahan,government
Warren and Sons,contracted
Green-Thomas,lodging
Jones Inc,clothing
Cherry and Sons,business
"Nelson, Mullen and Winters",agricultural
Holt LLC,contracted
Vargas-Reese,retail
"Pope, Lin and Mullins",airlines
"Jones, Colon and Moran",clothing
"Patel, Martinez and Barajas",agricultural
Morris-Jones,agricultural
Long PLC,misc
"Gallegos, Mcintyre and Butler",professional
Hopkins Inc,utility
Dawson LLC,professional
"Stark, Turner and Cook",contracted
Rodriguez PLC,agricultural
"Flores, Oconnor and Jackson",contracted
Larson-Ruiz,utility
Stephens Inc,utility
Jackson-Johnston,lodging
Flores-Snyder,transportation
"Simmons, Jensen and Huerta",agricultural
Richardson-Lambert,business
Harmon PLC,transportation
Bailey Group,transportation
Hanson-Lucas,utility
Stewart-Howard,utility
"Fry, Graham and Marquez",agricultural
Rose-Brown,government
"Campbell, Young and Bradshaw",airlines
Ferguson-Richards,contracted
Wise-Wilson,airlines
Brown Group,contracted
"Reed, Zimmerman and Schaefer",retail
Johnson-Gilmore,misc
Crawford Group,utility
"Galloway, Odonnell and Moore",clothing
Pratt-Phillips,transportation
Morris Ltd,misc
Vargas-Patterson,airlines
Avila LLC,airlines
"Blackwell, Hill and Arnold",business
Cruz-Anderson,airlines
Green-Collier,retail
Clark-Martinez,retail
"Wheeler, West and Bradshaw",contracted
Vaughan LLC,utility
"Hernandez, Robles and Murphy",misc
"Gregory, Vega and Marsh",airlines
Hudson-Chandler,airlines
Russell-Johnson,retail
"Booth, Hester and Holloway",airlines
Mcdaniel LLC,agricultural
"Green, Mejia and Kirk",airlines
"Gonzalez, Hamilton and Fritz",transportation
"Salazar, Wright and Woods",transportation
"Sharp, Henderson and Hoffman",contracted
Nielsen-Bryant,government
"Green, Pierce and Moody",misc
Kim LLC,contracted
Smith-Aguirre,professional
"Henry, Trevino and Dunn",retail
Nicholson-Grant,government
Tyler-Taylor,transportation
Humphrey and Sons,airlines
"Thomas, Harris and Torres",contracted
Tucker-Pineda,utility
Wilson Group,clothing
Nichols and Sons,airlines
"Osborn, Ibarra and Zamora",utility
Burch-Hogan,agricultural
"Lowe, Mccarthy and Wilson",business
Hayes Inc,utility
Durham LLC,misc
"Hall, Flowers and Lara",transportation
"Bradley, Clark and King",business
Johnson-Gonzalez,professional
"Castillo, Smith and Stevenson",business
Kennedy and Sons,retail
Bullock PLC,business
Pierce LLC,agricultural
"Foster, Goodman and Roth",misc
Bonilla-Scott,government
Davis Group,contracted
Schneider Group,government
"Jensen, Khan and Allen",utility
"Leblanc, Flores and Cuevas",clothing
"Burnett, Padilla and Hahn",professional
Nelson-Kramer,clothing
Parker-Bishop,misc
Bailey-Gilbert,transportation
Thomas PLC,utility
Booth-Russell,government
Ryan-Weaver,misc
Hughes Ltd,retail
"Mccarthy, Terry and Logan",airlines
"Johnston, Randall and Simmons",misc
Velazquez PLC,clothing
Flynn Group,professional
Gillespie Group,utility
Jimenez Group,misc
"Powell, Hobbs and Cooley",lodging
"Green, White and Lee",government
Moore-Parker,utility
Moore-Wilson,lodging
Weaver PLC,business
White Group,government
Andrews-Butler,lodging
Gibbs-Moreno,professional
French and Sons,professional
Fox Inc,retail
"Le, Simmons and Sullivan",airlines
Kelley-Watts,agricultural
"Espinoza, Anderson and Nguyen",business
"Sanchez, Hahn and Taylor",professional
Mitchell and Sons,business
Fitzpatrick PLC,government
"Hernandez, Chan and Long",business
Wheeler Ltd,transportation
Faulkner Inc,airlines
"Clark, Branch and Daniels",business
Anderson LLC,airlines
Montoya Ltd,lodging
"Cooper, Hayes and Olson",business
Noble Inc,utility
Simmons PLC,clothing
"Raymond, Richards and Garcia",contracted
King PLC,misc
Short-Morris,retail
"Lowe, Harris and Fuentes",lodging
"Wolfe, Robinson and Griffith",business
Shaw-Graves,misc
Bishop-Fry,transportation
Aguirre-Ferguson,clothing
"Bailey, Lang and Johnson",misc
Gomez and Sons,airlines
"Meyer, Mills and Harrell",transportation
"Mcconnell, Smith and Bradley",airlines
"Copeland, Brown and Faulkner",airlines
"Wilkins, Armstrong and Roberts",government
Barr-Gonzalez,contracted
Davis-Stewart,lodging
Cox-Frye,utility
Fisher-Lee,professional
Koch and Sons,utility
Sanchez-Kennedy,clothing
Rogers LLC,utility
Braun and Sons,transportation
"Parker, Ramos and Gamble",lodging
"Ferrell, Martinez and Parsons",contracted
Morrison-Arellano,agricultural
Henderson-Johnson,lodging
Briggs-Yang,airlines
Williams-Reynolds,business
"Flores, Reynolds and Robinson",contracted
"Jackson, Green and Jones",professional
"Cameron, Knight and Hill",retail
"Frank, Bryan and Perry",professional
"Munoz, Edwards and Fitzpatrick",clothing
Weaver-Flores,transportation
"Jones, Rogers and Berg",lodging
Marshall-Diaz,clothing
Lawrence Group,business
Mcintosh-Moore,lodging
"Jackson, Johnson and Wilson",contracted
Cannon-Zamora,contracted
Sanchez PLC,government
Zamora PLC,misc
Cohen Inc,lodging
"Ward, Huff and Butler",airlines
Robbins-Marshall,lodging
"Clay, Mclaughlin and Brown",misc
Contreras-Porter,business
"Garza, Scott and Price",misc
"Guerrero, Cox and Lee",professional
Fields Inc,retail
"Dyer, Reeves and Cruz",professional
Murphy-Ramos,utility
"Allison, Hall and Koch",utility
Parker Inc,agricultural
Hodge Ltd,airlines
Brown LLC,retail
Dunn and Sons,agricultural
Deleon-Bradley,misc
"Ochoa, Smith and Knight",lodging
Fischer PLC,airlines
Gay Ltd,utility
"Phillips, Hebert and Smith",utility
Parker-Ramirez,transportation
Simon Group,contracted
"Matthews, Hatfield and Thompson",business
Rangel LLC,business
Wagner Group,agricultural
Rodgers-Jones,business
"Ritter, Walters and Ferguson",professional
"Mason, Hartman and Santana",lodging
"Larson, Woodard and Davis",agricultural
"Fisher, Thomas and Rivera",retail
Watkins-Johnson,lodging
Stevens-Weber,clothing
Lee Ltd,professional
Reyes-Robertson,retail
Blackburn Ltd,transportation
"Chung, Andrews and Campbell",professional
Taylor-Rivera,professional
"Mendoza, Clark and Wagner",transportation
Maxwell LLC,transportation
"Burke, Ford and Steele",misc
Kelly Inc,retail
Matthews-Mueller,misc
"Sawyer, Brewer and Harrison",business
Kim-Hughes,clothing
Jones PLC,business
Rivera-Harrison,airlines
Mitchell LLC,professional
Brown Inc,clothing
Armstrong Group,contracted
Frank LLC,transportation
"Hernandez, Conley and Baker",professional
Raymond Group,professional
"Davis, Livingston and Thomas",transportation
Ochoa-Jenkins,utility
"Davila, Mendoza and Higgins",government
Christian-Jenkins,agricultural
Rush and Sons,lodging
Knox-Oconnell,lodging
Nelson-Ellis,professional
Taylor-Conley,contracted
Hill and Sons,government
Bryan PLC,airlines
Fletcher-Parker,misc
Bowman-Tate,misc
Foster-Abbott,professional
Rojas PLC,retail
"Wright, Gardner and Mason",contracted
"Sloan, White and Austin",contracted
Johnson-Lopez,professional
Brown-Phillips,misc
"Glenn, Daniels and Carpenter",contracted
"Mills, Carter and Ward",business
Carr Ltd,transportation
Jackson and Sons,airlines
Hardy Ltd,professional
Molina-Hopkins,utility
Hernandez-Miller,agricultural
Bauer and Sons,lodging
"Wilson, Clark and Ford",clothing
"Berry, Rivera and Munoz",lodging
Haas LLC,lodging
"Wagner, Blanchard and Cox",utility
Simmons LLC,lodging
"Morgan, Bell and Clark",transportation
Becker-Perez,government
Forbes-Roberts,airlines
Gardner PLC,agricultural
"Reynolds, Saunders and Keller",retail
"Rodriguez, Mcdonald and Ward",professional
Wilcox LLC,misc
Peterson-Freeman,airlines
"Gray, Reed and Massey",lodging
Ward Ltd,misc
"Cox, Brown and Santos",utility
Wolfe PLC,government
"Hutchinson, Moore and Olson",agricultural
Wood-Abbott,airlines
Young-Arnold,retail
Wallace LLC,government
"Khan, Schmidt and Sherman",clothing
Smith-Mcneil,business
"Henry, Weeks and Brown",transportation
Gamble LLC,retail
Vargas Inc,transportation
"Buckley, Maxwell and Duncan",misc
Romero-Marsh,professional
"Rivas, Ross and Henry",misc
Johnson-Anderson,professional
Mercado PLC,retail
Gonzales Group,utility
"Jensen, Nichols and Harris",airlines
Hamilton PLC,retail
Riley PLC,government
Hernandez-Daniels,clothing
"Jones, Franco and Tucker",airlines
Jackson and Sons,utility
"Walker, Walter and Beck",government
Pitts Group,lodging
Cohen-Brown,government
Walker-Collins,professional
Sloan Inc,airlines
Melendez-Davis,transportation
"Henry, Marshall and Lee",misc
Bright and Sons,retail
Anderson-Hawkins,business
"Holmes, Blanchard and Carlson",airlines
Lee-Cox,contracted
Hogan PLC,airlines
"Smith, Shannon and Barnes",agricultural
Lewis-Hansen,misc
Gonzalez and Sons,misc
"Lester, Wallace and Brown",professional
"Evans, Smith and Cameron",transportation
"Sims, Gonzalez and Wheeler",transportation
Cox and Sons,retail
"Small, Nguyen and Harris",airlines
"Kelley, Smith and Jones",professional
Horne Inc,business
"Williams, Hansen and Wilson",transportation
Cross-Martin,transportation
Duarte Inc,retail
Davis PLC,professional
Walker Inc,utility
Baird-Coleman,business
Johnson-Doyle,retail
"Berg, Johnson and Foster",retail
Pearson-Brennan,retail
"Clements, Bradshaw and Torres",agricultural
Jordan Group,lodging
Ramirez Ltd,agricultural
"Potts, Edwards and Gonzalez",misc
"Byrd, Kennedy and Walton",retail
"Hodges, Brandt and Gordon",business
"Lopez, Flores and Collins",professional
Dominguez-Moore,agricultural
"Gray, Parker and Johnson",transportation
Bates-Martinez,business
"Koch, Adams and Wood",clothing
Davis-Burke,lodging
"Brown, Frost and Young",transportation
"Blair, Woods and Sweeney",utility
Hansen-Garza,airlines
"Young, Mullen and Edwards",government
Williams-Gibson,misc
Stewart Group,government
Carney Group,clothing
Lozano PLC,transportation
"Richardson, Baker and Johnson",misc
"Edwards, Martin and Smith",agricultural
Thomas Group,airlines
Andersen PLC,retail
Gonzales-Ross,utility
Perkins-Hawkins,government
Rhodes LLC,transportation
Ramos LLC,agricultural
Scott and Sons,misc
Diaz Inc,retail
"Powell, Ellis and Lambert",business
"Brock, Alvarado and Dennis",lodging
"Rubio, Leon and Schmidt",agricultural
"Smith, Cooper and Patterson",utility
"Bush, Paul and Harrison",agricultural
Kim-Porter,contracted
Alexander-Kelly,professional
Ford LLC,utility
Kelly Inc,contracted
Hoffman-Moss,misc
Townsend Ltd,contracted
Gomez-Ferguson,contracted
Gallegos-Walsh,misc
Taylor Group,utility
Sanchez LLC,clothing
Thompson-Wood,business
Lang LLC,misc
"Olson, Soto and Avila",contracted
Thompson Inc,contracted
"Jones, Wood and Gutierrez",airlines
"Wilson, Lester and Wang",professional
Matthews-Tucker,contracted
"Gardner, Stevens and Aguirre",lodging
"Hines, Flores and Jenkins",business
"Dunlap, Kelly and Brown",professional
Lane Inc,professional
"Hoffman, Rodriguez and Shaw",lodging
Graves PLC,utility
Taylor Inc,transportation
"Lewis, Riley and White",professional
Barrett-Long,transportation
Leonard LLC,utility
Martin PLC,airlines
"Roberson, Simpson and Lozano",utility
Holloway-Williams,retail
Klein-Rose,agricultural
"Williams, Edwards and Juarez",retail
"Butler, Watson and Cummings",misc
"Perez, Martinez and George",clothing
Williams-Hayes,clothing
"Bell, Wood and Compton",lodging
Dougherty and Sons,lodging
Stephenson-Krause,clothing
Marquez PLC,clothing
Gray-Donovan,lodging
Hart Ltd,professional
"Nelson, Martin and Sullivan",professional
Daugherty-Keller,misc
Cruz PLC,clothing
"Welch, Jones and Peterson",misc
Terry Group,clothing
Morris-Hoffman,professional
Kirby Inc,contracted
Warren-Weber,misc
"Pineda, Roberts and Wright",professional
Taylor Ltd,agricultural
Bailey-Rodriguez,transportation
Moore PLC,lodging
Richardson-Estrada,clothing
Cooke Inc,business
Gillespie-Martinez,utility
"Simmons, Green and Mccormick",transportation
"Bauer, Smith and Simon",agricultural
Bradley and Sons,utility
"Bradley, Roberts and Nunez",business
Williams-Thomas,government
Evans-Green,agricultural
"Cowan, Jordan and Peterson",transportation
"Gonzalez, Scott and Dunn",clothing
Wilson-Johnson,misc
"Wiley, Howard and Johnson",business
Chambers Group,agricultural
"Thompson, Hancock and Harris",agricultural
Velazquez-Griffin,retail
"Davenport, Martinez and Wilson",government
"Hurley, Wood and Sosa",lodging
Rodriguez Ltd,utility
White Inc,business
Walsh Group,airlines
Adams-Porter,agricultural
"Gilbert, Robinson and Tran",contracted
Flores PLC,business
Rodriguez-Mcintosh,government
Howell PLC,agricultural
Flynn-Lindsey,agricultural
Herrera-Scott,airlines
Davis-Parker,agricultural
Green-Lester,clothing
Woods-Parsons,airlines
"Phillips, Adams and Bullock",retail
"Horn, Clark and Mitchell",retail
Mitchell PLC,government
"Harris, Owens and Glenn",utility
Guerrero Inc,government
"Williams, Hawkins and Lopez",professional
"Davis, Murray and Gomez",transportation
Walsh-Brown,lodging
Dougherty-Blanchard,contracted
"Kennedy, Hampton and Davis",airlines
"Casey, Clark and Jarvis",professional
Collins PLC,agricultural
"Flores, Oliver and Burch",transportation
Jenkins LLC,professional
"Greer, Grant and Dyer",retail
James-Lopez,lodging
Jimenez-Hurst,business
Torres Group,airlines
Stark-Schwartz,contracted
Parker PLC,business
Ryan-Bowen,government
"Herring, Bradley and Delacruz",utility
Davis-Gould,government
Ryan-Monroe,misc
Merritt Inc,utility
Kirby LLC,utility
"Hoover, Owens and Collins",clothing
Smith and Sons,professional
Thomas and Sons,retail
Harris-Ibarra,utility
"Black, Tucker and Beck",airlines
"Pierce, Nelson and Collins",clothing
Hernandez PLC,professional
Wallace-Richard,utility
"Evans, Davis and Smith",airlines
Howard Inc,airlines
Adams-Singh,agricultural
Jordan PLC,transportation
"Wood, Watson and Morgan",misc
Rodriguez Ltd,clothing
"Scott, Copeland and Park",clothing
Mejia Inc,contracted
Vazquez PLC,utility
Skinner LLC,clothing
Griffin-Riley,lodging
"Carr, Tate and Davis",government
Powell Group,airlines
"Allen, Hernandez and Henson",airlines
Rivas Ltd,government
Gardner LLC,professional
Robbins-Miller,lodging
"Robinson, Cisneros and Thompson",contracted
"Mitchell, Ortiz and Thomas",utility
King Inc,government
"Garcia, Sanchez and Clark",clothing
Ballard-Miller,lodging
Marquez-Vasquez,misc
Hoffman-Ortiz,utility
Bates Ltd,misc
Mcconnell-Odonnell,contracted
Collins-Clark,misc
Ross-Sims,business
"Sweeney, Anderson and Oconnor",airlines
"Wilson, Clark and Wyatt",misc
"Bridges, Hill and Campbell",utility
Santiago LLC,lodging
White-Bell,misc
"Zhang, Mays and Douglas",professional
Swanson-Gibbs,airlines
"Russell, Scott and Thompson",clothing
"Hall, Johnston and Ballard",government
Jordan and Sons,airlines
Macias-Santos,retail
"Casey, Baker and Sanders",misc
Cox Inc,utility
Garcia-Hill,contracted
"Davis, Wise and Schroeder",transportation
Newton-Meyer,airlines
"Duarte, Golden and Smith",clothing
Rodriguez-Carey,airlines
Flores-Wilkins,agricultural
Estrada-Perez,professional
Estrada and Sons,misc
Gonzalez-Russell,government
"Brown, Pham and Luna",transportation
Welch-Cortez,airlines
"Thompson, Thomas and Morrow",retail
"Cummings, Gould and Logan",business
"Hubbard, Cole and Holden",retail
Gibson Group,business
Crawford and Sons,retail
"Richardson, Strickland and Thompson",airlines
Garza Group,transportation
Johnson Group,agricultural
Baxter PLC,lodging
Dennis-Berry,utility
Johnson-Watkins,airlines
"Jarvis, Anderson and Chambers",transportation
Smith-Cox,airlines
Martinez PLC,contracted
Ward-Chung,retail
Fuentes-Gilbert,transportation
Berg-Small,professional
Moore-Myers,misc
"Hill, Whitaker and Watson",utility
"Hodges, Harris and Jackson",lodging
Lynch-Cooper,utility
Phillips PLC,agricultural
Collier Group,agricultural
Cruz-Frank,business
Richardson Group,transportation
Anderson Group,agricultural
Clark Group,lodging
Bailey Inc,agricultural
"Rosario, Elliott and Reeves",contracted
"Merritt, Mcguire and Ho",lodging
Jensen-Stevens,lodging
"Sanchez, Pratt and Wilson",contracted
Harris-Bennett,lodging
Taylor-Oneill,misc
"Jones, Wallace and Rodriguez",misc
Kelly and Sons,lodging
"Graham, Santiago and Harvey",professional
Vincent-Clark,contracted
Brown Inc,airlines
"Nicholson, Gonzalez and Mitchell",government
Hancock-Vargas,lodging
Austin LLC,airlines
Williams Group,lodging
Cruz-Wheeler,utility
"Parker, King and Logan",agricultural
Wilkinson and Sons,airlines
Rodriguez Inc,agricultural
Wilson and Sons,government
Washington-Williams,transportation
Glover Group,clothing
"Jones, Bentley and Winters",misc
Taylor Group,agricultural
Walker PLC,contracted
Johnson LLC,retail
"Flores, Smith and Butler",contracted
Armstrong-Roman,transportation
"Morrison, Perez and Smith",retail
Miller Ltd,retail
"Burgess, Joseph and Walker",lodging
Rose-Moore,government
"Sloan, Miles and Sutton",agricultural
"Crawford, Medina and Erickson",misc
Berger-Gibson,retail
Anthony LLC,professional
Carter-Brooks,contracted
"Nguyen, Knox and Johnson",business
"May, Long and Mays",retail
Robinson PLC,professional
Clark-Hughes,agricultural
Gaines-Gomez,misc
