job,company,ssn,residence,current_location,blood_group,website,username,name,sex,address,mail,birthdate,transactions
Health service manager,Moody Group,249-50-2056,"686 Keith Stream Suite 703
Davisport, LA 94545","(Decimal('52.236068'), Decimal('149.236743'))",AB+,"['https://patterson.com/', 'http://davis.com/']",cody06,Rhonda Saunders,F,"Unit 5600 Box 1821
DPO AP 43148",jonesmichael@hotmail.com,1948-12-28,"[{""date"": ""2022-12-26 21:09:22.539156"", ""amount"": 51.56, ""merchant"": ""Morris-Jones"", ""category"": ""agricultural""}, {""date"": ""2023-01-03 06:23:33.248384"", ""amount"": 153.44, ""merchant"": ""Hamilton PLC"", ""category"": ""retail""}, {""date"": ""2023-01-05 20:16:22.312795"", ""amount"": 219.68, ""merchant"": ""Estrada and Sons"", ""category"": ""misc""}, {""date"": ""2023-01-08 04:01:36.480675"", ""amount"": 57.37, ""merchant"": ""Riley-Roberts"", ""category"": ""airlines""}, {""date"": ""2023-01-10 02:38:45.854276"", ""amount"": 95.38, ""merchant"": ""Mason PLC"", ""category"": ""lodging""}, {""date"": ""2023-01-22 23:44:09.100355"", ""amount"": 237.47, ""merchant"": ""Stephens Inc"", ""category"": ""utility""}, {""date"": ""2023-01-25 16:19:25.124519"", ""amount"": 149.81, ""merchant"": ""Clark-Martinez"", ""category"": ""retail""}, {""date"": ""2023-02-03 19:46:59.882584"", ""amount"": 25.41, ""merchant"": ""Mitchell, Ortiz and Thomas"", ""category"": ""utility""}, {""date"": ""2023-02-04 12:46:05.523108"", ""amount"": 84.39, ""merchant"": ""Kim-Hughes"", ""category"": ""clothing""}, {""date"": ""2023-02-05 01:43:10.824420"", ""amount"": 208.13, ""merchant"": ""Richardson, Perez and Frank"", ""category"": ""clothing""}, {""date"": ""2023-02-10 18:29:01.116135"", ""amount"": 222.8, ""merchant"": ""Mitchell LLC"", ""category"": ""professional""}, {""date"": ""2023-02-15 01:22:34.383159"", ""amount"": 117.91, ""merchant"": ""Dyer, Reeves and Cruz"", ""category"": ""professional""}, {""date"": ""2023-02-22 04:41:05.448597"", ""amount"": 48.96, ""merchant"": ""Gonzalez, Weber and Tanner"", ""category"": ""utility""}, {""date"": ""2023-03-02 02:24:20.696624"", ""amount"": 66.4, ""merchant"": ""Lowe, Harris and Fuentes"", ""category"": ""lodging""}, {""date"": ""2023-03-05 11:06:57.202237"", ""amount"": 232.46, ""merchant"": ""Guerrero, Cox and Lee"", ""category"": ""professional""}, {""date"": ""2023-03-07 11:33:36.625368"", ""amount"": 28.47, ""merchant"": ""Gordon, Hodge and Fisher"", ""category"": ""business""}, {""date"": ""2023-03-15 03:10:45.864445"", ""amount"": 56.16, ""merchant"": ""Brown, Nielsen and Cameron"", ""category"": ""misc""}, {""date"": ""2023-03-15 19:29:11.507600"", ""amount"": 70.7, ""merchant"": ""Daniels-Clarke"", ""category"": ""agricultural""}, {""date"": ""2023-03-24 12:50:27.649349"", ""amount"": 184.79, ""merchant"": ""Hayes Inc"", ""category"": ""utility""}, {""date"": ""2023-04-19 16:07:16.350682"", ""amount"": 61.16, ""merchant"": ""Ramos, Mcguire and Ferrell"", ""category"": ""business""}, {""date"": ""2023-04-20 23:50:33.209170"", ""amount"": 144.13, ""merchant"": ""Webb-Anderson"", ""category"": ""contracted""}, {""date"": ""2023-05-06 13:43:55.982013"", ""amount"": 198.45, ""merchant"": ""Greene-Rangel"", ""category"": ""agricultural""}, {""date"": ""2023-05-14 16:41:50.805005"", ""amount"": 189.31, ""merchant"": ""Riggs-Alvarado"", ""category"": ""transportation""}, {""date"": ""2023-05-21 19:08:49.288536"", ""amount"": 224.81, ""merchant"": ""Williams-Hooper"", ""category"": ""lodging""}, {""date"": ""2023-06-01 04:53:36.325772"", ""amount"": 39.7, ""merchant"": ""Sharp, Henderson and Hoffman"", ""category"": ""contracted""}, {""date"": ""2023-06-08 17:01:26.915091"", ""amount"": 219.76, ""merchant"": ""Pierce LLC"", ""category"": ""agricultural""}, {""date"": ""2023-06-15 18:52:45.766763"", ""amount"": 234.19, ""merchant"": ""Lozano PLC"", ""category"": ""transportation""}, {""date"": ""2023-06-17 09:52:58.711758"", ""amount"": 106.91, ""merchant"": ""Wilson-Ortega"", ""category"": ""retail""}, {""date"": ""2023-06-18 09:36:15.025343"", ""amount"": 196.15, ""merchant"": ""Kelley, Smith and Jones"", ""category"": ""professional""}, {""date"": ""2023-06-23 05:08:12.908615"", ""amount"": 240.51, ""merchant"": ""Gay Ltd"", ""category"": ""utility""}, {""date"": ""2023-07-07 20:39:12.091604"", ""amount"": 174.63, ""merchant"": ""Lutz, Carter and Shea"", ""category"": ""utility""}, {""date"": ""2023-07-08 22:26:58.085162"", ""amount"": 20.62, ""merchant"": ""Johnson-Doyle"", ""category"": ""retail""}, {""date"": ""2023-07-11 01:33:27.661537"", ""amount"": 160.15, ""merchant"": ""Reyes-Robertson"", ""category"": ""retail""}, {""date"": ""2023-07-17 00:26:24.340593"", ""amount"": 113.13, ""merchant"": ""Clayton, Anderson and Thornton"", ""category"": ""retail""}, {""date"": ""2023-07-26 22:12:56.988797"", ""amount"": 111.75, ""merchant"": ""Barr-Gonzalez"", ""category"": ""contracted""}, {""date"": ""2023-07-31 04:11:18.019084"", ""amount"": 140.4, ""merchant"": ""Welch and Sons"", ""category"": ""lodging""}, {""date"": ""2023-08-04 16:17:41.860724"", ""amount"": 43.35, ""merchant"": ""Wheeler, West and Bradshaw"", ""category"": ""contracted""}, {""date"": ""2023-08-05 05:59:44.324004"", ""amount"": 24.48, ""merchant"": ""Smith, Cooper and Patterson"", ""category"": ""utility""}, {""date"": ""2023-08-23 08:08:52.637298"", ""amount"": 115.9, ""merchant"": ""Butler, Watson and Cummings"", ""category"": ""misc""}, {""date"": ""2023-08-23 10:54:57.828627"", ""amount"": 6.99, ""merchant"": ""Raymond, Richards and Garcia"", ""category"": ""contracted""}, {""date"": ""2023-08-24 08:50:25.918653"", ""amount"": 41.08, ""merchant"": ""Harris-Bennett"", ""category"": ""lodging""}, {""date"": ""2023-08-30 00:00:14.995588"", ""amount"": 100.27, ""merchant"": ""Frank, Bryan and Perry"", ""category"": ""professional""}, {""date"": ""2023-09-12 15:34:46.441269"", ""amount"": 221.79, ""merchant"": ""Galloway, Odonnell and Moore"", ""category"": ""clothing""}, {""date"": ""2023-09-14 19:07:57.949848"", ""amount"": 28.63, ""merchant"": ""Mcconnell, Smith and Bradley"", ""category"": ""airlines""}, {""date"": ""2023-09-20 12:09:19.501852"", ""amount"": 97.37, ""merchant"": ""Rodriguez PLC"", ""category"": ""agricultural""}, {""date"": ""2023-10-16 19:15:15.738680"", ""amount"": 169.58, ""merchant"": ""Clark Group"", ""category"": ""lodging""}, {""date"": ""2023-10-18 02:24:37.531939"", ""amount"": 174.25, ""merchant"": ""Murray PLC"", ""category"": ""utility""}, {""date"": ""2023-10-19 09:44:16.655631"", ""amount"": 79.98, ""merchant"": ""Garcia-Campbell"", ""category"": ""retail""}, {""date"": ""2023-10-24 07:10:02.167660"", ""amount"": 83.1, ""merchant"": ""Garner, Curtis and Burch"", ""category"": ""airlines""}, {""date"": ""2023-10-26 22:28:58.742189"", ""amount"": 216.09, ""merchant"": ""Tucker-Pineda"", ""category"": ""utility""}, {""date"": ""2023-11-05 05:53:54.787821"", ""amount"": 220.75, ""merchant"": ""Johnson-Lopez"", ""category"": ""professional""}, {""date"": ""2023-11-08 15:15:24.290572"", ""amount"": 169.0, ""merchant"": ""Reynolds, Saunders and Keller"", ""category"": ""retail""}, {""date"": ""2023-11-10 00:49:28.216936"", ""amount"": 171.85, ""merchant"": ""Lopez, Flores and Collins"", ""category"": ""professional""}, {""date"": ""2023-11-13 13:22:28.995898"", ""amount"": 226.92, ""merchant"": ""Houston Inc"", ""category"": ""agricultural""}, {""date"": ""2023-11-24 20:28:55.835473"", ""amount"": 138.19, ""merchant"": ""Mayer, Burgess and Donaldson"", ""category"": ""business""}, {""date"": ""2023-12-06 09:18:46.998329"", ""amount"": 90.94, ""merchant"": ""Simmons LLC"", ""category"": ""lodging""}, {""date"": ""2023-12-08 08:44:17.498340"", ""amount"": 53.23, ""merchant"": ""Clements Inc"", ""category"": ""misc""}, {""date"": ""2023-12-09 14:32:52.906679"", ""amount"": 142.06, ""merchant"": ""Martin-Bautista"", ""category"": ""contracted""}, {""date"": ""2023-12-10 11:50:06.229538"", ""amount"": 179.27, ""merchant"": ""Clements, Bradshaw and Torres"", ""category"": ""agricultural""}, {""date"": ""2023-12-11 21:32:04.833100"", ""amount"": 67.39, ""merchant"": ""Phillips, Keith and Martinez"", ""category"": ""contracted""}, {""date"": ""2023-12-12 07:19:01.019439"", ""amount"": 79.89, ""merchant"": ""Collier, Aguilar and King"", ""category"": ""professional""}, {""date"": ""2023-12-12 20:28:11.910939"", ""amount"": 3.13, ""merchant"": ""Garrett-Rodriguez"", ""category"": ""utility""}, {""date"": ""2023-12-15 22:49:45.348317"", ""amount"": 238.93, ""merchant"": ""Smith-Nguyen"", ""category"": ""transportation""}, {""date"": ""2023-12-19 09:08:25.992735"", ""amount"": 242.79, ""merchant"": ""Sanchez, Hahn and Taylor"", ""category"": ""professional""}]"
Quantity surveyor,Smith-Campbell,067-39-5719,"9979 Daniel Center Suite 675
Port Justin, VT 90394","(Decimal('12.179580'), Decimal('96.848037'))",B+,"['https://long.com/', 'http://www.hernandez-green.com/']",nbecker,Barbara Carlson,F,"849 Johnson Station
Stewartburgh, MT 89383",priley@gmail.com,2021-12-26,"[{""date"": ""2022-12-23 23:11:44.009387"", ""amount"": 24.17, ""merchant"": ""Wallace LLC"", ""category"": ""government""}, {""date"": ""2023-01-01 22:06:09.432266"", ""amount"": 193.07, ""merchant"": ""Davenport, Martinez and Wilson"", ""category"": ""government""}, {""date"": ""2023-01-03 08:41:45.180958"", ""amount"": 158.52, ""merchant"": ""Marquez PLC"", ""category"": ""clothing""}, {""date"": ""2023-01-17 02:26:37.091664"", ""amount"": 34.2, ""merchant"": ""Gillespie Group"", ""category"": ""utility""}, {""date"": ""2023-01-20 23:06:47.966351"", ""amount"": 89.75, ""merchant"": ""Perkins LLC"", ""category"": ""airlines""}, {""date"": ""2023-01-24 02:06:36.205411"", ""amount"": 137.14, ""merchant"": ""Hogan PLC"", ""category"": ""airlines""}, {""date"": ""2023-01-25 20:25:11.297298"", ""amount"": 58.46, ""merchant"": ""White-Bell"", ""category"": ""misc""}, {""date"": ""2023-02-04 17:29:19.842213"", ""amount"": 69.3, ""merchant"": ""French-Moore"", ""category"": ""business""}, {""date"": ""2023-02-11 11:54:51.721244"", ""amount"": 63.1, ""merchant"": ""Reynolds, Saunders and Keller"", ""category"": ""retail""}, {""date"": ""2023-02-15 22:27:43.356098"", ""amount"": 193.89, ""merchant"": ""Merritt, Mcguire and Ho"", ""category"": ""lodging""}, {""date"": ""2023-02-17 09:26:55.636787"", ""amount"": 85.09, ""merchant"": ""Johnston-Wilson"", ""category"": ""clothing""}, {""date"": ""2023-02-17 22:31:59.085035"", ""amount"": 233.37, ""merchant"": ""Carrillo, Scott and Smith"", ""category"": ""lodging""}, {""date"": ""2023-02-25 01:36:45.180705"", ""amount"": 198.33, ""merchant"": ""Johnson-Watkins"", ""category"": ""airlines""}, {""date"": ""2023-02-28 15:53:05.842641"", ""amount"": 181.09, ""merchant"": ""Cox and Sons"", ""category"": ""retail""}, {""date"": ""2023-03-02 11:29:00.954732"", ""amount"": 138.44, ""merchant"": ""Martin PLC"", ""category"": ""airlines""}, {""date"": ""2023-03-03 04:41:55.314485"", ""amount"": 83.45, ""merchant"": ""Frank LLC"", ""category"": ""transportation""}, {""date"": ""2023-03-21 06:53:51.960483"", ""amount"": 159.97, ""merchant"": ""Osborn, Ibarra and Zamora"", ""category"": ""utility""}, {""date"": ""2023-03-23 03:18:19.354774"", ""amount"": 42.45, ""merchant"": ""Bauer, Smith and Simon"", ""category"": ""agricultural""}, {""date"": ""2023-03-27 12:02:52.786653"", ""amount"": 76.22, ""merchant"": ""Welch and Sons"", ""category"": ""lodging""}, {""date"": ""2023-04-03 08:17:16.131844"", ""amount"": 149.38, ""merchant"": ""Melendez-Davis"", ""category"": ""transportation""}, {""date"": ""2023-04-03 18:14:49.593620"", ""amount"": 11.96, ""merchant"": ""Hill and Sons"", ""category"": ""government""}, {""date"": ""2023-04-10 18:35:58.696272"", ""amount"": 92.38, ""merchant"": ""Dawson LLC"", ""category"": ""professional""}, {""date"": ""2023-05-06 15:26:48.803068"", ""amount"": 146.04, ""merchant"": ""Owens-Sullivan"", ""category"": ""government""}, {""date"": ""2023-05-08 16:25:08.237570"", ""amount"": 179.08, ""merchant"": ""Henderson-Reyes"", ""category"": ""utility""}, {""date"": ""2023-05-08 17:26:45.379282"", ""amount"": 177.51, ""merchant"": ""Douglas, Johnson and Schmitt"", ""category"": ""business""}, {""date"": ""2023-05-20 17:08:41.039311"", ""amount"": 57.06, ""merchant"": ""Foster-Proctor"", ""category"": ""transportation""}, {""date"": ""2023-05-22 07:14:44.440165"", ""amount"": 171.57, ""merchant"": ""Bishop-Fry"", ""category"": ""transportation""}, {""date"": ""2023-05-23 20:08:42.965092"", ""amount"": 116.28, ""merchant"": ""Gardner PLC"", ""category"": ""agricultural""}, {""date"": ""2023-05-27 21:19:59.052573"", ""amount"": 142.07, ""merchant"": ""Berg, Johnson and Foster"", ""category"": ""retail""}, {""date"": ""2023-06-02 14:44:04.715140"", ""amount"": 230.22, ""merchant"": ""Robinson-Weeks"", ""category"": ""government""}, {""date"": ""2023-06-03 18:02:23.746519"", ""amount"": 246.87, ""merchant"": ""Simon Group"", ""category"": ""contracted""}, {""date"": ""2023-06-04 19:12:16.924012"", ""amount"": 234.25, ""merchant"": ""Howard, Kennedy and Avery"", ""category"": ""retail""}, {""date"": ""2023-06-05 00:21:39.790234"", ""amount"": 248.35, ""merchant"": ""Greer and Sons"", ""category"": ""transportation""}, {""date"": ""2023-06-09 05:20:38.115211"", ""amount"": 138.32, ""merchant"": ""Hall, Flowers and Lara"", ""category"": ""transportation""}, {""date"": ""2023-06-21 16:32:20.145643"", ""amount"": 126.52, ""merchant"": ""Bailey, Lang and Johnson"", ""category"": ""misc""}, {""date"": ""2023-06-23 05:14:18.499798"", ""amount"": 104.73, ""merchant"": ""Crawford and Sons"", ""category"": ""retail""}, {""date"": ""2023-07-02 17:55:50.936359"", ""amount"": 119.82, ""merchant"": ""Long PLC"", ""category"": ""misc""}, {""date"": ""2023-07-03 15:23:52.510540"", ""amount"": 172.03, ""merchant"": ""Simon Group"", ""category"": ""contracted""}, {""date"": ""2023-07-15 16:05:18.481876"", ""amount"": 53.08, ""merchant"": ""Barnes PLC"", ""category"": ""professional""}, {""date"": ""2023-07-16 21:02:04.406662"", ""amount"": 8.94, ""merchant"": ""Pierce LLC"", ""category"": ""agricultural""}, {""date"": ""2023-07-20 20:44:47.017680"", ""amount"": 232.41, ""merchant"": ""Hammond Ltd"", ""category"": ""agricultural""}, {""date"": ""2023-07-23 08:44:30.858015"", ""amount"": 234.17, ""merchant"": ""Kelley-Watts"", ""category"": ""agricultural""}, {""date"": ""2023-07-31 07:21:03.389320"", ""amount"": 129.87, ""merchant"": ""Rojas PLC"", ""category"": ""retail""}, {""date"": ""2023-08-05 13:27:57.163499"", ""amount"": 168.75, ""merchant"": ""Cook Ltd"", ""category"": ""professional""}, {""date"": ""2023-08-14 22:39:51.016808"", ""amount"": 83.84, ""merchant"": ""Pineda, Roberts and Wright"", ""category"": ""professional""}, {""date"": ""2023-08-17 22:52:05.610529"", ""amount"": 37.33, ""merchant"": ""Gibbs-Moreno"", ""category"": ""professional""}, {""date"": ""2023-08-24 09:11:09.579037"", ""amount"": 119.94, ""merchant"": ""Davis-Gould"", ""category"": ""government""}, {""date"": ""2023-09-02 12:53:52.708370"", ""amount"": 167.75, ""merchant"": ""Sloan-Lewis"", ""category"": ""retail""}, {""date"": ""2023-09-20 20:50:43.257950"", ""amount"": 22.78, ""merchant"": ""Cruz PLC"", ""category"": ""clothing""}, {""date"": ""2023-09-28 22:40:25.075660"", ""amount"": 49.59, ""merchant"": ""Gallegos PLC"", ""category"": ""contracted""}, {""date"": ""2023-09-29 11:27:15.686122"", ""amount"": 142.08, ""merchant"": ""Case-Kim"", ""category"": ""government""}, {""date"": ""2023-10-13 04:35:45.008483"", ""amount"": 86.06, ""merchant"": ""Hodges, Brandt and Gordon"", ""category"": ""business""}, {""date"": ""2023-10-17 02:22:29.964526"", ""amount"": 69.97, ""merchant"": ""Johnson PLC"", ""category"": ""utility""}, {""date"": ""2023-10-18 08:34:49.531471"", ""amount"": 225.81, ""merchant"": ""Scott LLC"", ""category"": ""lodging""}, {""date"": ""2023-10-26 11:15:39.508627"", ""amount"": 133.18, ""merchant"": ""Flores, Oconnor and Jackson"", ""category"": ""contracted""}, {""date"": ""2023-10-28 17:58:45.193476"", ""amount"": 207.73, ""merchant"": ""Shaw-Graves"", ""category"": ""misc""}, {""date"": ""2023-11-01 23:14:01.074292"", ""amount"": 138.11, ""merchant"": ""Sims, Gonzalez and Wheeler"", ""category"": ""transportation""}, {""date"": ""2023-11-03 00:16:41.414748"", ""amount"": 105.82, ""merchant"": ""Espinoza, Anderson and Nguyen"", ""category"": ""business""}, {""date"": ""2023-11-09 22:45:40.532687"", ""amount"": 141.32, ""merchant"": ""Henderson-Reyes"", ""category"": ""utility""}, {""date"": ""2023-11-12 00:20:27.019175"", ""amount"": 120.95, ""merchant"": ""Price Group"", ""category"": ""misc""}, {""date"": ""2023-11-17 00:58:02.838637"", ""amount"": 220.21, ""merchant"": ""Campbell Ltd"", ""category"": ""professional""}, {""date"": ""2023-11-19 20:52:50.089021"", ""amount"": 2.31, ""merchant"": ""Matthews-Mueller"", ""category"": ""misc""}, {""date"": ""2023-11-24 02:03:01.233767"", ""amount"": 35.34, ""merchant"": ""Booth, Hester and Holloway"", ""category"": ""airlines""}, {""date"": ""2023-11-27 01:08:23.736620"", ""amount"": 153.24, ""merchant"": ""Scott LLC"", ""category"": ""lodging""}]"
Games developer,"Mcdonald, Rodriguez and Rodriguez",177-53-8285,"76971 Wilson Harbor Apt. 883
West Charles, OK 06122","(Decimal('31.6400105'), Decimal('151.313898'))",O+,"['http://www.mendez.com/', 'http://burnett.info/', 'http://molina.com/']",michael00,Larry Clark,M,"13762 Miller Trail
Rayborough, IL 08828",collinsrichard@hotmail.com,1945-01-31,"[{""date"": ""2022-12-24 02:37:51.130681"", ""amount"": 96.04, ""merchant"": ""Lewis, Riley and White"", ""category"": ""professional""}, {""date"": ""2022-12-31 18:39:42.052280"", ""amount"": 173.22, ""merchant"": ""May, Long and Mays"", ""category"": ""retail""}, {""date"": ""2022-12-31 21:48:50.557181"", ""amount"": 236.18, ""merchant"": ""Gomez and Sons"", ""category"": ""airlines""}, {""date"": ""2022-12-31 23:04:15.702454"", ""amount"": 26.69, ""merchant"": ""Townsend Ltd"", ""category"": ""contracted""}, {""date"": ""2023-01-05 20:11:22.620592"", ""amount"": 3.12, ""merchant"": ""Lutz, Carter and Shea"", ""category"": ""utility""}, {""date"": ""2023-01-12 19:02:35.051331"", ""amount"": 209.18, ""merchant"": ""Johnson LLC"", ""category"": ""retail""}, {""date"": ""2023-01-23 13:00:25.812110"", ""amount"": 18.3, ""merchant"": ""Webb-Anderson"", ""category"": ""contracted""}, {""date"": ""2023-01-27 10:18:33.157081"", ""amount"": 134.23, ""merchant"": ""Fuentes-Gilbert"", ""category"": ""transportation""}, {""date"": ""2023-01-30 14:21:28.918975"", ""amount"": 29.98, ""merchant"": ""Smith-Cox"", ""category"": ""airlines""}, {""date"": ""2023-02-01 06:38:12.288069"", ""amount"": 82.29, ""merchant"": ""Barajas PLC"", ""category"": ""contracted""}, {""date"": ""2023-02-22 05:18:57.452252"", ""amount"": 182.85, ""merchant"": ""Dawson PLC"", ""category"": ""agricultural""}, {""date"": ""2023-03-05 09:53:03.137301"", ""amount"": 233.15, ""merchant"": ""Black, Vasquez and Meyer"", ""category"": ""government""}, {""date"": ""2023-03-09 18:18:32.407721"", ""amount"": 144.33, ""merchant"": ""Hamilton PLC"", ""category"": ""retail""}, {""date"": ""2023-03-14 02:57:30.154884"", ""amount"": 238.32, ""merchant"": ""Armstrong, Lucas and Lam"", ""category"": ""clothing""}, {""date"": ""2023-03-18 06:40:20.698294"", ""amount"": 124.26, ""merchant"": ""Hancock-Vargas"", ""category"": ""lodging""}, {""date"": ""2023-03-24 11:10:42.785537"", ""amount"": 23.73, ""merchant"": ""Gonzalez and Sons"", ""category"": ""misc""}, {""date"": ""2023-04-07 18:43:59.147382"", ""amount"": 60.12, ""merchant"": ""Forbes-Roberts"", ""category"": ""airlines""}, {""date"": ""2023-04-15 02:47:38.468406"", ""amount"": 68.03, ""merchant"": ""Fitzpatrick PLC"", ""category"": ""government""}, {""date"": ""2023-04-16 06:35:05.047040"", ""amount"": 104.87, ""merchant"": ""Johnston, Randall and Simmons"", ""category"": ""misc""}, {""date"": ""2023-04-24 10:18:06.794204"", ""amount"": 231.06, ""merchant"": ""Sloan Inc"", ""category"": ""airlines""}, {""date"": ""2023-05-19 02:10:05.550152"", ""amount"": 142.9, ""merchant"": ""Morgan, Bell and Clark"", ""category"": ""transportation""}, {""date"": ""2023-05-20 21:23:21.663037"", ""amount"": 106.57, ""merchant"": ""Scott and Sons"", ""category"": ""misc""}, {""date"": ""2023-05-24 23:29:42.175889"", ""amount"": 186.06, ""merchant"": ""Santiago LLC"", ""category"": ""lodging""}, {""date"": ""2023-05-30 00:23:23.560477"", ""amount"": 202.16, ""merchant"": ""Bruce Ltd"", ""category"": ""lodging""}, {""date"": ""2023-05-31 19:50:32.892572"", ""amount"": 84.31, ""merchant"": ""Ryan-Weaver"", ""category"": ""misc""}, {""date"": ""2023-06-11 01:29:56.281749"", ""amount"": 165.59, ""merchant"": ""Berry, Rivera and Munoz"", ""category"": ""lodging""}, {""date"": ""2023-06-30 06:18:25.835653"", ""amount"": 230.53, ""merchant"": ""Nielsen-Bryant"", ""category"": ""government""}, {""date"": ""2023-07-05 19:04:38.595763"", ""amount"": 91.73, ""merchant"": ""Thompson-Wood"", ""category"": ""business""}, {""date"": ""2023-07-06 21:07:44.976471"", ""amount"": 123.7, ""merchant"": ""Burgess, Joseph and Walker"", ""category"": ""lodging""}, {""date"": ""2023-07-07 21:10:53.689191"", ""amount"": 163.23, ""merchant"": ""Russell, Scott and Thompson"", ""category"": ""clothing""}, {""date"": ""2023-07-08 21:36:12.143403"", ""amount"": 187.16, ""merchant"": ""Lee-Martin"", ""category"": ""utility""}, {""date"": ""2023-07-20 08:57:56.980811"", ""amount"": 238.31, ""merchant"": ""Mills PLC"", ""category"": ""transportation""}, {""date"": ""2023-07-21 21:07:22.776061"", ""amount"": 104.07, ""merchant"": ""Adams Ltd"", ""category"": ""government""}, {""date"": ""2023-07-29 01:09:58.461722"", ""amount"": 14.8, ""merchant"": ""Weaver-Flores"", ""category"": ""transportation""}, {""date"": ""2023-08-09 21:55:54.475614"", ""amount"": 109.45, ""merchant"": ""Gonzalez-Swanson"", ""category"": ""professional""}, {""date"": ""2023-08-18 05:09:50.906348"", ""amount"": 182.11, ""merchant"": ""Brown and Sons"", ""category"": ""government""}, {""date"": ""2023-08-21 23:03:15.361091"", ""amount"": 8.92, ""merchant"": ""Hamilton PLC"", ""category"": ""retail""}, {""date"": ""2023-08-21 23:50:48.695700"", ""amount"": 212.98, ""merchant"": ""Gay Ltd"", ""category"": ""utility""}, {""date"": ""2023-08-29 07:57:04.105358"", ""amount"": 241.04, ""merchant"": ""Turner-Riddle"", ""category"": ""agricultural""}, {""date"": ""2023-08-30 14:04:10.262081"", ""amount"": 193.03, ""merchant"": ""Rubio, Leon and Schmidt"", ""category"": ""agricultural""}, {""date"": ""2023-09-01 01:05:58.059051"", ""amount"": 128.22, ""merchant"": ""Wilcox LLC"", ""category"": ""misc""}, {""date"": ""2023-09-06 00:23:41.890279"", ""amount"": 90.77, ""merchant"": ""Nelson-Ellis"", ""category"": ""professional""}, {""date"": ""2023-09-14 04:57:45.624262"", ""amount"": 158.52, ""merchant"": ""Kennedy, Hampton and Davis"", ""category"": ""airlines""}, {""date"": ""2023-09-19 07:17:11.335297"", ""amount"": 141.42, ""merchant"": ""Hamilton PLC"", ""category"": ""retail""}, {""date"": ""2023-09-19 11:58:36.716905"", ""amount"": 87.4, ""merchant"": ""Dominguez-Moore"", ""category"": ""agricultural""}, {""date"": ""2023-09-28 00:32:53.703094"", ""amount"": 146.68, ""merchant"": ""Hayes PLC"", ""category"": ""utility""}, {""date"": ""2023-10-03 23:59:22.435739"", ""amount"": 119.07, ""merchant"": ""Hernandez-Miller"", ""category"": ""agricultural""}, {""date"": ""2023-10-05 01:35:24.730944"", ""amount"": 133.86, ""merchant"": ""Morgan, Bell and Clark"", ""category"": ""transportation""}, {""date"": ""2023-10-06 07:59:14.075818"", ""amount"": 15.89, ""merchant"": ""Welch and Sons"", ""category"": ""lodging""}, {""date"": ""2023-10-07 01:07:04.947472"", ""amount"": 154.21, ""merchant"": ""Frazier and Sons"", ""category"": ""professional""}, {""date"": ""2023-10-07 18:37:42.320449"", ""amount"": 247.64, ""merchant"": ""Johnson-Gilmore"", ""category"": ""misc""}, {""date"": ""2023-10-14 08:43:45.114381"", ""amount"": 58.29, ""merchant"": ""George-Thompson"", ""category"": ""airlines""}, {""date"": ""2023-10-16 08:37:38.697822"", ""amount"": 176.53, ""merchant"": ""Leonard LLC"", ""category"": ""utility""}, {""date"": ""2023-10-17 16:03:06.327393"", ""amount"": 209.85, ""merchant"": ""Lopez, Cohen and Morales"", ""category"": ""airlines""}, {""date"": ""2023-10-23 06:09:32.297315"", ""amount"": 211.3, ""merchant"": ""Bowman-Chapman"", ""category"": ""professional""}, {""date"": ""2023-10-29 04:53:15.303554"", ""amount"": 235.33, ""merchant"": ""Le, Simmons and Sullivan"", ""category"": ""airlines""}, {""date"": ""2023-11-19 21:17:47.528939"", ""amount"": 236.13, ""merchant"": ""Pierce LLC"", ""category"": ""agricultural""}, {""date"": ""2023-11-23 16:01:20.568084"", ""amount"": 234.6, ""merchant"": ""Lowe, Harris and Fuentes"", ""category"": ""lodging""}, {""date"": ""2023-11-25 06:40:34.497871"", ""amount"": 115.54, ""merchant"": ""Sloan-Lewis"", ""category"": ""retail""}, {""date"": ""2023-11-30 03:32:07.963252"", ""amount"": 212.83, ""merchant"": ""Pitts Group"", ""category"": ""lodging""}, {""date"": ""2023-12-06 16:14:50.189113"", ""amount"": 186.3, ""merchant"": ""Rodriguez PLC"", ""category"": ""agricultural""}, {""date"": ""2023-12-09 12:20:49.250922"", ""amount"": 234.66, ""merchant"": ""Leblanc, Flores and Cuevas"", ""category"": ""clothing""}, {""date"": ""2023-12-10 17:01:07.841113"", ""amount"": 79.84, ""merchant"": ""Cross-Martin"", ""category"": ""transportation""}, {""date"": ""2023-12-22 05:42:50.107867"", ""amount"": 115.91, ""merchant"": ""Gibbs, Serrano and Garcia"", ""category"": ""transportation""}]"
Fine artist,Rivera-Rogers,203-03-9228,"28186 Shannon Summit
Frederickton, MI 53969","(Decimal('-47.9648525'), Decimal('9.448168'))",A-,"['http://www.davies.info/', 'http://kennedy.com/', 'http://wood-cameron.com/']",galvanbrandi,Dr. Joshua Horn PhD,M,"7536 Cobb Avenue Suite 876
Lake Robert, MH 68094",taylorgregory@gmail.com,1987-11-23,"[{""date"": ""2023-01-01 03:15:50.463874"", ""amount"": 125.26, ""merchant"": ""Kirby LLC"", ""category"": ""utility""}, {""date"": ""2023-01-02 04:14:32.441828"", ""amount"": 246.03, ""merchant"": ""Rivas-Brewer"", ""category"": ""clothing""}, {""date"": ""2023-01-06 12:15:26.408756"", ""amount"": 75.23, ""merchant"": ""Jackson-Booth"", ""category"": ""agricultural""}, {""date"": ""2023-01-07 14:57:33.645454"", ""amount"": 36.87, ""merchant"": ""Mason, Smith and Dennis"", ""category"": ""business""}, {""date"": ""2023-01-12 15:02:47.659326"", ""amount"": 37.36, ""merchant"": ""Fry, Graham and Marquez"", ""category"": ""agricultural""}, {""date"": ""2023-01-18 08:36:08.521651"", ""amount"": 156.95, ""merchant"": ""Parker, King and Logan"", ""category"": ""agricultural""}, {""date"": ""2023-01-20 00:12:50.395154"", ""amount"": 134.88, ""merchant"": ""Davila, Mendoza and Higgins"", ""category"": ""government""}, {""date"": ""2023-02-04 13:58:12.993730"", ""amount"": 93.02, ""merchant"": ""Washington-Williams"", ""category"": ""transportation""}, {""date"": ""2023-02-10 09:13:24.724251"", ""amount"": 146.64, ""merchant"": ""Woods-Parsons"", ""category"": ""airlines""}, {""date"": ""2023-02-10 10:56:03.719428"", ""amount"": 225.11, ""merchant"": ""Booth-Russell"", ""category"": ""government""}, {""date"": ""2023-02-13 10:53:07.723764"", ""amount"": 84.63, ""merchant"": ""Schneider Group"", ""category"": ""government""}, {""date"": ""2023-02-16 10:58:53.262361"", ""amount"": 120.53, ""merchant"": ""Jordan and Sons"", ""category"": ""airlines""}, {""date"": ""2023-02-19 08:29:59.608382"", ""amount"": 249.47, ""merchant"": ""Conley-Mcknight"", ""category"": ""contracted""}, {""date"": ""2023-02-27 12:23:57.263974"", ""amount"": 143.14, ""merchant"": ""Collier Group"", ""category"": ""agricultural""}, {""date"": ""2023-03-16 17:51:49.494480"", ""amount"": 238.16, ""merchant"": ""Rose, Brown and Nelson"", ""category"": ""business""}, {""date"": ""2023-03-19 01:46:09.749760"", ""amount"": 166.96, ""merchant"": ""Potter, Hardin and Watson"", ""category"": ""business""}, {""date"": ""2023-03-31 10:42:41.237651"", ""amount"": 142.62, ""merchant"": ""Sims, Gonzalez and Wheeler"", ""category"": ""transportation""}, {""date"": ""2023-04-01 14:57:06.242500"", ""amount"": 239.72, ""merchant"": ""Richardson-Estrada"", ""category"": ""clothing""}, {""date"": ""2023-04-02 15:38:26.891884"", ""amount"": 152.86, ""merchant"": ""Freeman, Wright and Gonzalez"", ""category"": ""misc""}, {""date"": ""2023-04-04 16:53:45.488447"", ""amount"": 246.71, ""merchant"": ""Hernandez-Lee"", ""category"": ""government""}, {""date"": ""2023-04-19 17:50:02.872178"", ""amount"": 107.53, ""merchant"": ""Melendez Ltd"", ""category"": ""misc""}, {""date"": ""2023-05-02 13:35:55.554461"", ""amount"": 77.36, ""merchant"": ""Frazier and Sons"", ""category"": ""professional""}, {""date"": ""2023-05-05 16:06:05.398513"", ""amount"": 105.48, ""merchant"": ""Marshall-Diaz"", ""category"": ""clothing""}, {""date"": ""2023-05-06 12:20:40.262779"", ""amount"": 42.48, ""merchant"": ""Jackson, Mills and Hill"", ""category"": ""agricultural""}, {""date"": ""2023-05-06 15:54:32.850447"", ""amount"": 156.97, ""merchant"": ""Young-Townsend"", ""category"": ""government""}, {""date"": ""2023-05-09 03:04:57.308204"", ""amount"": 44.98, ""merchant"": ""Berg, Johnson and Foster"", ""category"": ""retail""}, {""date"": ""2023-05-23 14:39:37.785065"", ""amount"": 101.65, ""merchant"": ""Mccarthy, Terry and Logan"", ""category"": ""airlines""}, {""date"": ""2023-06-08 20:44:46.998647"", ""amount"": 230.99, ""merchant"": ""Ward, Cooke and Guzman"", ""category"": ""lodging""}, {""date"": ""2023-06-09 08:44:51.021244"", ""amount"": 25.06, ""merchant"": ""Barrett-Long"", ""category"": ""transportation""}, {""date"": ""2023-06-12 02:20:39.191559"", ""amount"": 159.04, ""merchant"": ""Lewis, Wright and Hayes"", ""category"": ""utility""}, {""date"": ""2023-06-12 04:36:22.157042"", ""amount"": 5.56, ""merchant"": ""Vincent-Clark"", ""category"": ""contracted""}, {""date"": ""2023-06-12 17:41:37.560348"", ""amount"": 203.71, ""merchant"": ""Powers Inc"", ""category"": ""airlines""}, {""date"": ""2023-06-24 05:09:28.432169"", ""amount"": 85.68, ""merchant"": ""Hernandez-Daniels"", ""category"": ""clothing""}, {""date"": ""2023-07-02 07:15:24.897651"", ""amount"": 214.78, ""merchant"": ""Palmer, Quinn and Garrett"", ""category"": ""business""}, {""date"": ""2023-07-03 21:26:17.290823"", ""amount"": 60.75, ""merchant"": ""Gonzalez-Swanson"", ""category"": ""professional""}, {""date"": ""2023-07-05 08:16:21.546396"", ""amount"": 34.25, ""merchant"": ""Chang Inc"", ""category"": ""agricultural""}, {""date"": ""2023-07-19 07:40:14.064368"", ""amount"": 191.07, ""merchant"": ""Young-Townsend"", ""category"": ""government""}, {""date"": ""2023-07-24 21:35:53.333810"", ""amount"": 72.12, ""merchant"": ""Hill-Spencer"", ""category"": ""utility""}, {""date"": ""2023-08-01 06:11:44.387113"", ""amount"": 137.95, ""merchant"": ""Duarte, Golden and Smith"", ""category"": ""clothing""}, {""date"": ""2023-08-05 08:32:59.516247"", ""amount"": 222.72, ""merchant"": ""Wilson LLC"", ""category"": ""business""}, {""date"": ""2023-08-12 06:59:26.375216"", ""amount"": 207.5, ""merchant"": ""Stark-Schwartz"", ""category"": ""contracted""}, {""date"": ""2023-08-16 14:53:40.705847"", ""amount"": 206.87, ""merchant"": ""Brown Inc"", ""category"": ""airlines""}, {""date"": ""2023-08-19 07:50:44.830944"", ""amount"": 223.02, ""merchant"": ""Haas LLC"", ""category"": ""lodging""}, {""date"": ""2023-08-29 10:16:33.186647"", ""amount"": 102.27, ""merchant"": ""Henry Inc"", ""category"": ""transportation""}, {""date"": ""2023-08-30 16:17:09.028726"", ""amount"": 87.44, ""merchant"": ""Bailey-Rodriguez"", ""category"": ""transportation""}, {""date"": ""2023-09-02 00:39:59.942136"", ""amount"": 117.43, ""merchant"": ""Wilson and Sons"", ""category"": ""government""}, {""date"": ""2023-09-07 02:27:40.628347"", ""amount"": 180.89, ""merchant"": ""Robinson, Cisneros and Thompson"", ""category"": ""contracted""}, {""date"": ""2023-09-13 06:15:10.206635"", ""amount"": 8.65, ""merchant"": ""Cruz-Frank"", ""category"": ""business""}, {""date"": ""2023-09-13 16:50:52.895254"", ""amount"": 43.15, ""merchant"": ""Buckley, Maxwell and Duncan"", ""category"": ""misc""}, {""date"": ""2023-09-22 02:11:00.505739"", ""amount"": 114.06, ""merchant"": ""Sandoval, Mendez and Herrera"", ""category"": ""contracted""}, {""date"": ""2023-10-03 07:30:38.370658"", ""amount"": 181.78, ""merchant"": ""Robinson Ltd"", ""category"": ""retail""}, {""date"": ""2023-10-16 18:49:27.948548"", ""amount"": 169.97, ""merchant"": ""Hines, Flores and Jenkins"", ""category"": ""business""}, {""date"": ""2023-10-26 07:33:21.455206"", ""amount"": 129.97, ""merchant"": ""Johnson-Martinez"", ""category"": ""utility""}, {""date"": ""2023-10-29 11:32:34.711478"", ""amount"": 201.08, ""merchant"": ""Sanders-Wilson"", ""category"": ""business""}, {""date"": ""2023-10-31 07:05:53.996264"", ""amount"": 101.26, ""merchant"": ""Roberson, Simpson and Lozano"", ""category"": ""utility""}, {""date"": ""2023-11-01 05:56:09.093719"", ""amount"": 101.17, ""merchant"": ""Aguirre Inc"", ""category"": ""utility""}, {""date"": ""2023-11-04 10:45:33.891878"", ""amount"": 20.69, ""merchant"": ""Schneider Group"", ""category"": ""government""}, {""date"": ""2023-11-08 07:35:27.321677"", ""amount"": 86.3, ""merchant"": ""Williams-Reynolds"", ""category"": ""business""}, {""date"": ""2023-11-08 13:40:14.639906"", ""amount"": 243.76, ""merchant"": ""Cooke Inc"", ""category"": ""business""}, {""date"": ""2023-11-17 23:09:55.863325"", ""amount"": 18.87, ""merchant"": ""Wilson and Sons"", ""category"": ""government""}, {""date"": ""2023-11-19 10:26:48.468412"", ""amount"": 127.12, ""merchant"": ""Chung, Andrews and Campbell"", ""category"": ""professional""}, {""date"": ""2023-11-19 11:03:45.255513"", ""amount"": 242.45, ""merchant"": ""Young and Sons"", ""category"": ""agricultural""}, {""date"": ""2023-11-22 10:33:00.361329"", ""amount"": 75.9, ""merchant"": ""Williams, Hansen and Wilson"", ""category"": ""transportation""}, {""date"": ""2023-12-14 03:29:09.699348"", ""amount"": 5.93, ""merchant"": ""Copeland, Brown and Faulkner"", ""category"": ""airlines""}]"
Social researcher,Howard-Norris,688-39-1957,"2836 Brown Bridge Apt. 844
South Stuart, OK 16717","(Decimal('-59.8702925'), Decimal('-89.214560'))",O-,"['https://www.raymond-berry.info/', 'https://wise.com/', 'http://spencer.com/']",edavis,Thomas Bush,M,"56192 Williams Glens
Port Gabrielleborough, PR 35349",frankteresa@gmail.com,1908-01-07,"[{""date"": ""2022-12-31 14:50:07.354616"", ""amount"": 229.86, ""merchant"": ""Gallegos-Walsh"", ""category"": ""misc""}, {""date"": ""2023-01-08 01:36:39.910388"", ""amount"": 46.32, ""merchant"": ""Jones, Colon and Moran"", ""category"": ""clothing""}, {""date"": ""2023-01-11 23:15:38.695287"", ""amount"": 142.08, ""merchant"": ""May, Long and Mays"", ""category"": ""retail""}, {""date"": ""2023-01-20 22:59:28.494714"", ""amount"": 176.51, ""merchant"": ""Frank LLC"", ""category"": ""transportation""}, {""date"": ""2023-01-26 18:28:00.416736"", ""amount"": 158.89, ""merchant"": ""Bush, Paul and Harrison"", ""category"": ""agricultural""}, {""date"": ""2023-01-31 12:31:54.621524"", ""amount"": 157.0, ""merchant"": ""Brown Inc"", ""category"": ""airlines""}, {""date"": ""2023-02-05 11:43:41.573347"", ""amount"": 79.81, ""merchant"": ""Bates Ltd"", ""category"": ""misc""}, {""date"": ""2023-02-08 19:14:03.627919"", ""amount"": 183.09, ""merchant"": ""Rose-Brown"", ""category"": ""government""}, {""date"": ""2023-02-15 19:52:47.861595"", ""amount"": 17.97, ""merchant"": ""Long-Hamilton"", ""category"": ""airlines""}, {""date"": ""2023-03-13 20:17:33.847901"", ""amount"": 232.55, ""merchant"": ""Zavala Ltd"", ""category"": ""misc""}, {""date"": ""2023-03-20 01:48:54.621966"", ""amount"": 2.04, ""merchant"": ""Lewis, Johnson and Conley"", ""category"": ""government""}, {""date"": ""2023-04-03 15:05:31.413928"", ""amount"": 103.23, ""merchant"": ""Galloway, Peters and Conway"", ""category"": ""transportation""}, {""date"": ""2023-04-14 19:20:18.500824"", ""amount"": 83.67, ""merchant"": ""Schneider Group"", ""category"": ""government""}, {""date"": ""2023-04-24 16:37:44.422703"", ""amount"": 62.59, ""merchant"": ""French-Moore"", ""category"": ""business""}, {""date"": ""2023-05-19 02:33:05.437910"", ""amount"": 188.68, ""merchant"": ""Perez, Martinez and George"", ""category"": ""clothing""}, {""date"": ""2023-05-20 04:38:19.538655"", ""amount"": 163.51, ""merchant"": ""Warren and Sons"", ""category"": ""contracted""}, {""date"": ""2023-05-23 08:03:52.174035"", ""amount"": 31.1, ""merchant"": ""Bishop-Fry"", ""category"": ""transportation""}, {""date"": ""2023-05-23 09:31:57.171858"", ""amount"": 101.41, ""merchant"": ""Andrews-Butler"", ""category"": ""lodging""}, {""date"": ""2023-05-24 13:54:38.286887"", ""amount"": 128.22, ""merchant"": ""Smith-Aguirre"", ""category"": ""professional""}, {""date"": ""2023-05-24 15:57:52.523248"", ""amount"": 147.86, ""merchant"": ""Lewis, Riley and White"", ""category"": ""professional""}, {""date"": ""2023-05-29 00:46:03.087556"", ""amount"": 148.92, ""merchant"": ""Williams-Hooper"", ""category"": ""lodging""}, {""date"": ""2023-05-30 16:42:49.366438"", ""amount"": 250.0, ""merchant"": ""Watkins-Johnson"", ""category"": ""lodging""}, {""date"": ""2023-05-31 09:39:32.021460"", ""amount"": 249.08, ""merchant"": ""Daugherty-Keller"", ""category"": ""misc""}, {""date"": ""2023-06-03 19:06:20.171314"", ""amount"": 71.59, ""merchant"": ""Parker-Ramirez"", ""category"": ""transportation""}, {""date"": ""2023-06-07 05:11:42.003198"", ""amount"": 151.66, ""merchant"": ""Rubio, Leon and Schmidt"", ""category"": ""agricultural""}, {""date"": ""2023-06-12 07:28:52.453725"", ""amount"": 133.81, ""merchant"": ""Rodriguez, Lin and Dillon"", ""category"": ""business""}, {""date"": ""2023-06-17 07:20:23.994824"", ""amount"": 104.53, ""merchant"": ""Farmer-Deleon"", ""category"": ""contracted""}, {""date"": ""2023-07-02 11:16:15.424558"", ""amount"": 109.08, ""merchant"": ""Richardson-Lambert"", ""category"": ""business""}, {""date"": ""2023-07-02 22:00:34.735129"", ""amount"": 230.24, ""merchant"": ""Williams Ltd"", ""category"": ""contracted""}, {""date"": ""2023-07-07 08:46:10.405055"", ""amount"": 159.22, ""merchant"": ""Wilson-Ortega"", ""category"": ""retail""}, {""date"": ""2023-07-09 14:58:32.644989"", ""amount"": 119.63, ""merchant"": ""Franklin, Pennington and Martinez"", ""category"": ""lodging""}, {""date"": ""2023-07-12 03:48:56.296804"", ""amount"": 179.21, ""merchant"": ""Flores-Snyder"", ""category"": ""transportation""}, {""date"": ""2023-07-14 04:51:10.441633"", ""amount"": 126.45, ""merchant"": ""Mendoza-Holmes"", ""category"": ""transportation""}, {""date"": ""2023-07-27 16:36:26.131159"", ""amount"": 79.77, ""merchant"": ""Bonilla-Scott"", ""category"": ""government""}, {""date"": ""2023-08-01 19:26:36.554111"", ""amount"": 64.35, ""merchant"": ""Johnson-Gonzalez"", ""category"": ""professional""}, {""date"": ""2023-08-02 03:38:37.715948"", ""amount"": 204.25, ""merchant"": ""Harris and Sons"", ""category"": ""clothing""}, {""date"": ""2023-08-14 13:21:50.280632"", ""amount"": 223.91, ""merchant"": ""Kelly and Sons"", ""category"": ""lodging""}, {""date"": ""2023-08-14 16:40:06.884353"", ""amount"": 148.88, ""merchant"": ""Lozano PLC"", ""category"": ""transportation""}, {""date"": ""2023-08-18 11:38:48.467128"", ""amount"": 38.68, ""merchant"": ""Wilson-Ortega"", ""category"": ""retail""}, {""date"": ""2023-08-30 03:51:26.064812"", ""amount"": 92.22, ""merchant"": ""Foster-Abbott"", ""category"": ""professional""}, {""date"": ""2023-09-02 01:14:16.956247"", ""amount"": 141.45, ""merchant"": ""Douglas, Johnson and Schmitt"", ""category"": ""business""}, {""date"": ""2023-09-05 15:44:58.570887"", ""amount"": 136.77, ""merchant"": ""Young-Smith"", ""category"": ""lodging""}, {""date"": ""2023-09-11 22:26:28.322900"", ""amount"": 154.64, ""merchant"": ""Shaw-Graves"", ""category"": ""misc""}, {""date"": ""2023-09-12 20:10:38.200829"", ""amount"": 5.13, ""merchant"": ""Edwards Ltd"", ""category"": ""contracted""}, {""date"": ""2023-09-18 11:52:54.711691"", ""amount"": 48.08, ""merchant"": ""Chambers Group"", ""category"": ""agricultural""}, {""date"": ""2023-09-25 10:28:55.122189"", ""amount"": 229.17, ""merchant"": ""Scott-Boone"", ""category"": ""business""}, {""date"": ""2023-09-25 21:54:56.291167"", ""amount"": 225.85, ""merchant"": ""Pierce-Medina"", ""category"": ""airlines""}, {""date"": ""2023-10-10 10:44:26.820253"", ""amount"": 113.48, ""merchant"": ""Garcia-Smith"", ""category"": ""government""}, {""date"": ""2023-10-18 02:37:06.304409"", ""amount"": 50.71, ""merchant"": ""Mejia, Mcdaniel and Richmond"", ""category"": ""agricultural""}, {""date"": ""2023-10-18 20:04:29.962464"", ""amount"": 242.04, ""merchant"": ""Williams-Hayes"", ""category"": ""clothing""}, {""date"": ""2023-10-22 14:10:36.399040"", ""amount"": 161.99, ""merchant"": ""Robertson-Reynolds"", ""category"": ""contracted""}, {""date"": ""2023-10-26 18:52:27.128746"", ""amount"": 178.38, ""merchant"": ""Hogan PLC"", ""category"": ""airlines""}, {""date"": ""2023-10-27 09:32:51.629420"", ""amount"": 186.85, ""merchant"": ""Brown-House"", ""category"": ""contracted""}, {""date"": ""2023-11-06 10:29:44.435047"", ""amount"": 103.92, ""merchant"": ""Brown-Phillips"", ""category"": ""misc""}, {""date"": ""2023-11-06 23:25:25.225724"", ""amount"": 51.47, ""merchant"": ""Kim-Hughes"", ""category"": ""clothing""}, {""date"": ""2023-11-10 12:33:08.323227"", ""amount"": 197.33, ""merchant"": ""Baxter Inc"", ""category"": ""retail""}, {""date"": ""2023-11-15 10:40:01.564622"", ""amount"": 70.29, ""merchant"": ""Cummings, Gould and Logan"", ""category"": ""business""}, {""date"": ""2023-11-17 20:24:32.590450"", ""amount"": 142.88, ""merchant"": ""Sloan-Lewis"", ""category"": ""retail""}, {""date"": ""2023-11-22 16:55:13.634990"", ""amount"": 98.43, ""merchant"": ""Gonzalez LLC"", ""category"": ""airlines""}, {""date"": ""2023-11-23 06:21:04.621895"", ""amount"": 191.79, ""merchant"": ""Evans, Smith and Cameron"", ""category"": ""transportation""}, {""date"": ""2023-12-04 22:43:09.640109"", ""amount"": 239.59, ""merchant"": ""Griffin-Riley"", ""category"": ""lodging""}, {""date"": ""2023-12-04 22:53:57.348655"", ""amount"": 49.41, ""merchant"": ""Dunlap, Kelly and Brown"", ""category"": ""professional""}, {""date"": ""2023-12-13 23:22:20.388070"", ""amount"": 210.97, ""merchant"": ""Parker Inc"", ""category"": ""agricultural""}, {""date"": ""2023-12-17 09:08:43.342312"", ""amount"": 141.33, ""merchant"": ""Williamson, Webb and Gilmore"", ""category"": ""retail""}]"
Translator,"Hernandez, Bernard and Gibson",543-40-6494,"816 Cook Points Apt. 316
Parsonsbury, UT 83000","(Decimal('-71.1228975'), Decimal('57.510976'))",B+,['https://www.hughes.com/'],espinozasusan,Tracy Jimenez,F,"43601 Daniel Plains Apt. 419
Lake Brian, IL 56247",smartin@gmail.com,1983-05-28,"[{""date"": ""2023-01-03 11:25:37.569192"", ""amount"": 90.56, ""merchant"": ""Brooks, Davis and Erickson"", ""category"": ""government""}, {""date"": ""2023-01-11 00:41:15.074661"", ""amount"": 64.15, ""merchant"": ""Short-Morris"", ""category"": ""retail""}, {""date"": ""2023-01-14 21:43:49.504389"", ""amount"": 227.8, ""merchant"": ""Nguyen-Moore"", ""category"": ""retail""}, {""date"": ""2023-01-16 00:13:38.656079"", ""amount"": 186.99, ""merchant"": ""Mccarthy, Terry and Logan"", ""category"": ""airlines""}, {""date"": ""2023-01-20 00:08:15.691342"", ""amount"": 169.33, ""merchant"": ""Merritt Inc"", ""category"": ""utility""}, {""date"": ""2023-01-22 17:16:48.119460"", ""amount"": 152.47, ""merchant"": ""Thompson, Copeland and Pham"", ""category"": ""airlines""}, {""date"": ""2023-01-29 18:17:51.132047"", ""amount"": 217.36, ""merchant"": ""Miller-Flores"", ""category"": ""agricultural""}, {""date"": ""2023-02-01 23:07:14.342578"", ""amount"": 30.69, ""merchant"": ""Werner LLC"", ""category"": ""professional""}, {""date"": ""2023-02-08 18:22:51.031052"", ""amount"": 89.78, ""merchant"": ""Lozano PLC"", ""category"": ""transportation""}, {""date"": ""2023-02-10 14:21:15.455313"", ""amount"": 90.89, ""merchant"": ""Williams, Morse and Powers"", ""category"": ""transportation""}, {""date"": ""2023-02-14 02:00:32.128192"", ""amount"": 7.64, ""merchant"": ""Clark, Marshall and Clay"", ""category"": ""contracted""}, {""date"": ""2023-02-15 03:49:44.264273"", ""amount"": 217.61, ""merchant"": ""Simmons LLC"", ""category"": ""lodging""}, {""date"": ""2023-02-19 13:54:20.697653"", ""amount"": 109.27, ""merchant"": ""Mccormick, Miranda and Allen"", ""category"": ""business""}, {""date"": ""2023-02-24 09:05:37.866096"", ""amount"": 210.44, ""merchant"": ""Hill LLC"", ""category"": ""retail""}, {""date"": ""2023-03-14 09:40:29.520069"", ""amount"": 12.77, ""merchant"": ""Lang LLC"", ""category"": ""misc""}, {""date"": ""2023-03-15 21:09:43.074771"", ""amount"": 224.35, ""merchant"": ""Merritt, Mcguire and Ho"", ""category"": ""lodging""}, {""date"": ""2023-03-19 10:08:56.322189"", ""amount"": 102.31, ""merchant"": ""Garcia-Campbell"", ""category"": ""retail""}, {""date"": ""2023-03-20 13:06:47.966513"", ""amount"": 132.63, ""merchant"": ""Snow-Palmer"", ""category"": ""clothing""}, {""date"": ""2023-03-30 09:41:14.903189"", ""amount"": 224.25, ""merchant"": ""Jackson, Green and Jones"", ""category"": ""professional""}, {""date"": ""2023-04-17 14:33:49.901470"", ""amount"": 130.13, ""merchant"": ""Potter, Hardin and Watson"", ""category"": ""business""}, {""date"": ""2023-04-23 17:16:54.188724"", ""amount"": 35.27, ""merchant"": ""Johnson-Martinez"", ""category"": ""utility""}, {""date"": ""2023-04-24 08:03:23.977484"", ""amount"": 46.1, ""merchant"": ""Morris-Hoffman"", ""category"": ""professional""}, {""date"": ""2023-04-24 09:39:01.990086"", ""amount"": 64.83, ""merchant"": ""Blackwell, Hill and Arnold"", ""category"": ""business""}, {""date"": ""2023-04-26 23:57:59.316267"", ""amount"": 240.92, ""merchant"": ""Hodge Ltd"", ""category"": ""airlines""}, {""date"": ""2023-05-10 19:41:13.266677"", ""amount"": 111.42, ""merchant"": ""Davis Group"", ""category"": ""contracted""}, {""date"": ""2023-05-25 08:50:29.951559"", ""amount"": 98.39, ""merchant"": ""Lewis, Johnson and Conley"", ""category"": ""government""}, {""date"": ""2023-05-27 07:37:23.436820"", ""amount"": 123.17, ""merchant"": ""Evans, Smith and Cameron"", ""category"": ""transportation""}, {""date"": ""2023-06-01 22:31:12.417298"", ""amount"": 199.95, ""merchant"": ""Chambers PLC"", ""category"": ""utility""}, {""date"": ""2023-06-10 14:21:18.768923"", ""amount"": 217.94, ""merchant"": ""Carrillo, Scott and Smith"", ""category"": ""lodging""}, {""date"": ""2023-06-11 21:23:00.012811"", ""amount"": 39.34, ""merchant"": ""Jensen-Stevens"", ""category"": ""lodging""}, {""date"": ""2023-06-22 21:49:48.742625"", ""amount"": 136.96, ""merchant"": ""Clark, Torres and Pineda"", ""category"": ""utility""}, {""date"": ""2023-06-26 04:19:16.393814"", ""amount"": 150.23, ""merchant"": ""Stark, Turner and Cook"", ""category"": ""contracted""}, {""date"": ""2023-07-04 21:43:56.261048"", ""amount"": 103.35, ""merchant"": ""Bell, Wood and Compton"", ""category"": ""lodging""}, {""date"": ""2023-07-06 09:38:21.971448"", ""amount"": 79.44, ""merchant"": ""Mason, Hartman and Santana"", ""category"": ""lodging""}, {""date"": ""2023-07-14 22:48:19.126451"", ""amount"": 171.32, ""merchant"": ""Bullock PLC"", ""category"": ""business""}, {""date"": ""2023-07-19 14:27:07.853739"", ""amount"": 213.46, ""merchant"": ""Hawkins, Tucker and Thompson"", ""category"": ""transportation""}, {""date"": ""2023-07-20 18:57:14.882937"", ""amount"": 182.92, ""merchant"": ""Gomez and Sons"", ""category"": ""airlines""}, {""date"": ""2023-07-27 23:50:20.565775"", ""amount"": 138.02, ""merchant"": ""Pierce LLC"", ""category"": ""agricultural""}, {""date"": ""2023-08-10 21:23:44.666771"", ""amount"": 28.1, ""merchant"": ""Humphrey and Sons"", ""category"": ""airlines""}, {""date"": ""2023-08-22 15:39:10.506661"", ""amount"": 204.0, ""merchant"": ""Anderson LLC"", ""category"": ""airlines""}, {""date"": ""2023-08-22 16:15:24.678200"", ""amount"": 230.26, ""merchant"": ""May, Long and Mays"", ""category"": ""retail""}, {""date"": ""2023-08-30 20:43:12.452767"", ""amount"": 144.78, ""merchant"": ""Zavala Ltd"", ""category"": ""misc""}, {""date"": ""2023-09-10 03:53:02.603360"", ""amount"": 60.58, ""merchant"": ""Hall, Sanchez and Sandoval"", ""category"": ""professional""}, {""date"": ""2023-09-16 22:08:11.773146"", ""amount"": 236.3, ""merchant"": ""Booth-Russell"", ""category"": ""government""}, {""date"": ""2023-09-18 08:03:17.560248"", ""amount"": 224.01, ""merchant"": ""Wolfe, Summers and Thompson"", ""category"": ""agricultural""}, {""date"": ""2023-10-01 01:17:48.913541"", ""amount"": 44.31, ""merchant"": ""Williams, Edwards and Juarez"", ""category"": ""retail""}, {""date"": ""2023-10-01 22:16:14.279757"", ""amount"": 104.96, ""merchant"": ""Sanchez, Pratt and Wilson"", ""category"": ""contracted""}, {""date"": ""2023-10-02 18:53:06.988263"", ""amount"": 44.68, ""merchant"": ""Collier Group"", ""category"": ""agricultural""}, {""date"": ""2023-10-09 06:20:48.675851"", ""amount"": 186.88, ""merchant"": ""Mitchell, Ortiz and Thomas"", ""category"": ""utility""}, {""date"": ""2023-10-09 22:53:52.698095"", ""amount"": 13.61, ""merchant"": ""Duarte Inc"", ""category"": ""retail""}, {""date"": ""2023-10-12 14:32:25.357864"", ""amount"": 224.75, ""merchant"": ""Fox, Brady and Matthews"", ""category"": ""retail""}, {""date"": ""2023-10-21 12:30:23.172091"", ""amount"": 48.58, ""merchant"": ""Smith PLC"", ""category"": ""retail""}, {""date"": ""2023-10-29 03:17:15.297491"", ""amount"": 82.0, ""merchant"": ""Bailey-Gilbert"", ""category"": ""transportation""}, {""date"": ""2023-11-05 21:04:37.824539"", ""amount"": 61.0, ""merchant"": ""Cannon-Zamora"", ""category"": ""contracted""}, {""date"": ""2023-11-09 11:51:39.072242"", ""amount"": 67.99, ""merchant"": ""Wilson, Taylor and Pope"", ""category"": ""clothing""}, {""date"": ""2023-11-13 08:55:39.704147"", ""amount"": 223.3, ""merchant"": ""Bailey, Lang and Johnson"", ""category"": ""misc""}, {""date"": ""2023-11-29 16:50:22.592971"", ""amount"": 68.28, ""merchant"": ""Montoya Ltd"", ""category"": ""lodging""}, {""date"": ""2023-12-01 07:23:39.587204"", ""amount"": 137.05, ""merchant"": ""Howell, Williamson and Bush"", ""category"": ""misc""}, {""date"": ""2023-12-02 09:51:49.203539"", ""amount"": 228.99, ""merchant"": ""Parker, King and Logan"", ""category"": ""agricultural""}, {""date"": ""2023-12-09 01:22:49.286556"", ""amount"": 61.85, ""merchant"": ""Moody Ltd"", ""category"": ""utility""}, {""date"": ""2023-12-09 17:34:39.578358"", ""amount"": 199.82, ""merchant"": ""Nelson, Mullen and Winters"", ""category"": ""agricultural""}, {""date"": ""2023-12-13 01:34:16.046236"", ""amount"": 65.82, ""merchant"": ""Noble, Grant and Hughes"", ""category"": ""business""}, {""date"": ""2023-12-15 11:00:37.270975"", ""amount"": 16.56, ""merchant"": ""Johnson Group"", ""category"": ""agricultural""}, {""date"": ""2023-12-16 19:22:45.169286"", ""amount"": 89.2, ""merchant"": ""Brown LLC"", ""category"": ""retail""}]"
Travel agency manager,Clark-Wilson,470-69-3632,"1744 Hill Pines Suite 076
Moyerview, MI 56277","(Decimal('84.2095605'), Decimal('104.418147'))",A+,"['http://henry.info/', 'https://lin.com/']",lowens,Kelsey Garcia,F,"7334 Hernandez Islands
Tonyview, CA 33814",jenniferjarvis@yahoo.com,1939-04-10,"[{""date"": ""2023-01-15 14:04:22.467158"", ""amount"": 42.99, ""merchant"": ""Larson-Ruiz"", ""category"": ""utility""}, {""date"": ""2023-01-21 12:19:42.294402"", ""amount"": 19.57, ""merchant"": ""Welch and Sons"", ""category"": ""lodging""}, {""date"": ""2023-01-25 16:51:11.230360"", ""amount"": 148.1, ""merchant"": ""Gay Ltd"", ""category"": ""utility""}, {""date"": ""2023-01-30 10:29:27.979970"", ""amount"": 107.73, ""merchant"": ""Bridges, Hill and Campbell"", ""category"": ""utility""}, {""date"": ""2023-02-02 01:14:36.214503"", ""amount"": 172.11, ""merchant"": ""Dominguez-Moore"", ""category"": ""agricultural""}, {""date"": ""2023-02-02 20:09:06.019685"", ""amount"": 65.56, ""merchant"": ""Bullock PLC"", ""category"": ""business""}, {""date"": ""2023-02-15 19:20:28.195619"", ""amount"": 144.12, ""merchant"": ""Henderson-Johnson"", ""category"": ""lodging""}, {""date"": ""2023-02-21 11:45:00.554661"", ""amount"": 200.69, ""merchant"": ""Rodriguez Ltd"", ""category"": ""clothing""}, {""date"": ""2023-02-21 17:06:30.347914"", ""amount"": 84.56, ""merchant"": ""Roth, Hodges and Roberts"", ""category"": ""agricultural""}, {""date"": ""2023-02-25 04:10:55.641281"", ""amount"": 186.82, ""merchant"": ""Sloan, Miles and Sutton"", ""category"": ""agricultural""}, {""date"": ""2023-03-03 16:00:26.546640"", ""amount"": 94.39, ""merchant"": ""Kelley, Robinson and Martin"", ""category"": ""clothing""}, {""date"": ""2023-03-11 03:55:26.182841"", ""amount"": 91.84, ""merchant"": ""Johnston, Randall and Simmons"", ""category"": ""misc""}, {""date"": ""2023-03-14 22:13:55.704553"", ""amount"": 105.06, ""merchant"": ""Jensen, Khan and Allen"", ""category"": ""utility""}, {""date"": ""2023-03-20 15:40:10.740090"", ""amount"": 154.49, ""merchant"": ""Sloan Inc"", ""category"": ""airlines""}, {""date"": ""2023-04-07 22:49:45.927106"", ""amount"": 151.63, ""merchant"": ""Mitchell, Ortiz and Thomas"", ""category"": ""utility""}, {""date"": ""2023-04-17 00:39:21.408391"", ""amount"": 49.78, ""merchant"": ""Coleman Group"", ""category"": ""utility""}, {""date"": ""2023-04-19 11:26:00.041302"", ""amount"": 85.52, ""merchant"": ""Brock, Alvarado and Dennis"", ""category"": ""lodging""}, {""date"": ""2023-04-21 21:22:10.975851"", ""amount"": 219.18, ""merchant"": ""Anderson-Hawkins"", ""category"": ""business""}, {""date"": ""2023-04-24 00:54:39.359550"", ""amount"": 249.06, ""merchant"": ""Clements Inc"", ""category"": ""misc""}, {""date"": ""2023-05-02 10:28:45.679588"", ""amount"": 76.04, ""merchant"": ""Jones, Franco and Tucker"", ""category"": ""airlines""}, {""date"": ""2023-05-13 17:49:57.400046"", ""amount"": 172.21, ""merchant"": ""Rangel LLC"", ""category"": ""business""}, {""date"": ""2023-05-25 21:53:34.711793"", ""amount"": 181.15, ""merchant"": ""Buckley, Maxwell and Duncan"", ""category"": ""misc""}, {""date"": ""2023-06-03 17:12:11.547529"", ""amount"": 176.2, ""merchant"": ""Merritt, Mcguire and Ho"", ""category"": ""lodging""}, {""date"": ""2023-06-08 16:40:25.435857"", ""amount"": 13.66, ""merchant"": ""Johnson-Gonzalez"", ""category"": ""professional""}, {""date"": ""2023-06-10 22:56:16.020549"", ""amount"": 220.92, ""merchant"": ""Prince LLC"", ""category"": ""misc""}, {""date"": ""2023-06-11 10:26:57.635780"", ""amount"": 196.95, ""merchant"": ""Mccarthy, Terry and Logan"", ""category"": ""airlines""}, {""date"": ""2023-06-23 02:49:03.350026"", ""amount"": 209.32, ""merchant"": ""Vargas, Nguyen and Bennett"", ""category"": ""professional""}, {""date"": ""2023-06-24 05:24:27.045216"", ""amount"": 22.82, ""merchant"": ""Buckley, Maxwell and Duncan"", ""category"": ""misc""}, {""date"": ""2023-06-28 00:01:19.074917"", ""amount"": 39.28, ""merchant"": ""Sanchez, Hahn and Taylor"", ""category"": ""professional""}, {""date"": ""2023-07-10 23:15:55.845694"", ""amount"": 88.0, ""merchant"": ""Foster-Abbott"", ""category"": ""professional""}, {""date"": ""2023-07-13 08:04:57.182657"", ""amount"": 80.55, ""merchant"": ""Freeman, Wright and Gonzalez"", ""category"": ""misc""}, {""date"": ""2023-07-14 16:03:16.833829"", ""amount"": 117.65, ""merchant"": ""Humphrey and Sons"", ""category"": ""airlines""}, {""date"": ""2023-07-18 05:22:30.409249"", ""amount"": 115.54, ""merchant"": ""Rangel LLC"", ""category"": ""business""}, {""date"": ""2023-07-29 00:18:28.923772"", ""amount"": 156.71, ""merchant"": ""Williams-Hooper"", ""category"": ""lodging""}, {""date"": ""2023-08-04 15:23:33.689378"", ""amount"": 151.55, ""merchant"": ""Wilson-Johnson"", ""category"": ""misc""}, {""date"": ""2023-08-04 20:11:23.704112"", ""amount"": 162.05, ""merchant"": ""Gay Ltd"", ""category"": ""utility""}, {""date"": ""2023-08-20 11:19:19.508362"", ""amount"": 162.32, ""merchant"": ""Sloan, Miles and Sutton"", ""category"": ""agricultural""}, {""date"": ""2023-08-24 15:40:20.569287"", ""amount"": 47.13, ""merchant"": ""Thomas Group"", ""category"": ""airlines""}, {""date"": ""2023-08-27 10:37:09.999279"", ""amount"": 201.41, ""merchant"": ""Flynn Group"", ""category"": ""professional""}, {""date"": ""2023-08-28 02:46:22.389523"", ""amount"": 8.19, ""merchant"": ""Hughes LLC"", ""category"": ""utility""}, {""date"": ""2023-09-05 17:31:00.446142"", ""amount"": 46.89, ""merchant"": ""Garza, Anderson and Small"", ""category"": ""contracted""}, {""date"": ""2023-09-09 12:51:35.752599"", ""amount"": 28.26, ""merchant"": ""Hawkins, Tucker and Thompson"", ""category"": ""transportation""}, {""date"": ""2023-09-14 04:43:15.629223"", ""amount"": 78.17, ""merchant"": ""Wilson and Sons"", ""category"": ""government""}, {""date"": ""2023-09-16 13:06:49.137354"", ""amount"": 236.3, ""merchant"": ""Clark and Sons"", ""category"": ""misc""}, {""date"": ""2023-09-17 23:39:39.420491"", ""amount"": 63.01, ""merchant"": ""Jensen, Nichols and Harris"", ""category"": ""airlines""}, {""date"": ""2023-09-24 17:20:49.416489"", ""amount"": 8.85, ""merchant"": ""Johnson-Callahan"", ""category"": ""government""}, {""date"": ""2023-09-26 11:21:06.789512"", ""amount"": 172.39, ""merchant"": ""Bailey Inc"", ""category"": ""agricultural""}, {""date"": ""2023-09-28 11:59:10.743277"", ""amount"": 176.33, ""merchant"": ""Weber, Reilly and Bennett"", ""category"": ""government""}, {""date"": ""2023-10-04 05:15:57.757422"", ""amount"": 222.97, ""merchant"": ""Stout Inc"", ""category"": ""misc""}, {""date"": ""2023-10-10 03:01:41.229393"", ""amount"": 51.4, ""merchant"": ""Mason, Hartman and Santana"", ""category"": ""lodging""}, {""date"": ""2023-10-10 12:47:25.258428"", ""amount"": 175.64, ""merchant"": ""Berg-Small"", ""category"": ""professional""}, {""date"": ""2023-10-11 15:28:27.462763"", ""amount"": 136.84, ""merchant"": ""Taylor Inc"", ""category"": ""transportation""}, {""date"": ""2023-10-13 22:14:57.011362"", ""amount"": 57.61, ""merchant"": ""Parker, Ramos and Gamble"", ""category"": ""lodging""}, {""date"": ""2023-10-22 13:29:59.629503"", ""amount"": 118.51, ""merchant"": ""Lucas Ltd"", ""category"": ""transportation""}, {""date"": ""2023-10-23 10:03:50.680547"", ""amount"": 145.62, ""merchant"": ""Collier, Aguilar and King"", ""category"": ""professional""}, {""date"": ""2023-11-07 00:09:51.472724"", ""amount"": 182.13, ""merchant"": ""Davis LLC"", ""category"": ""transportation""}, {""date"": ""2023-11-07 16:31:46.270142"", ""amount"": 113.51, ""merchant"": ""Williams Ltd"", ""category"": ""contracted""}, {""date"": ""2023-11-08 19:30:14.286801"", ""amount"": 49.25, ""merchant"": ""Gonzalez-Swanson"", ""category"": ""professional""}, {""date"": ""2023-11-09 20:40:48.785717"", ""amount"": 100.3, ""merchant"": ""Lopez, Tyler and Howard"", ""category"": ""utility""}, {""date"": ""2023-11-10 18:48:19.128909"", ""amount"": 201.44, ""merchant"": ""White-Bell"", ""category"": ""misc""}, {""date"": ""2023-11-26 14:20:47.178430"", ""amount"": 196.69, ""merchant"": ""Newton-Hunter"", ""category"": ""misc""}, {""date"": ""2023-12-05 09:00:42.942297"", ""amount"": 138.36, ""merchant"": ""Martin PLC"", ""category"": ""airlines""}, {""date"": ""2023-12-10 20:01:30.976559"", ""amount"": 130.12, ""merchant"": ""Fletcher-Parker"", ""category"": ""misc""}, {""date"": ""2023-12-15 17:23:21.214450"", ""amount"": 248.25, ""merchant"": ""Alvarado-Hendrix"", ""category"": ""lodging""}]"
Retail merchandiser,Meyer and Sons,528-70-6079,"16313 Patrick Crossroad
Michaelstad, CO 40468","(Decimal('-30.962530'), Decimal('-37.739004'))",AB-,"['http://gonzalez-monroe.org/', 'https://nichols.com/', 'http://www.noble.com/', 'https://guzman.info/']",melissa41,Lynn Aguilar,F,"63336 Fisher Shoals
Kennedybury, AL 27133",juanmoyer@hotmail.com,1999-05-23,"[{""date"": ""2023-01-07 15:30:23.036937"", ""amount"": 213.96, ""merchant"": ""Marshall-Diaz"", ""category"": ""clothing""}, {""date"": ""2023-01-11 09:15:40.589239"", ""amount"": 247.93, ""merchant"": ""Parker Inc"", ""category"": ""agricultural""}, {""date"": ""2023-01-18 05:09:26.597276"", ""amount"": 218.73, ""merchant"": ""Lowe, Harris and Fuentes"", ""category"": ""lodging""}, {""date"": ""2023-01-20 06:08:06.784101"", ""amount"": 86.97, ""merchant"": ""Macias-Santos"", ""category"": ""retail""}, {""date"": ""2023-01-27 18:42:19.616046"", ""amount"": 178.02, ""merchant"": ""Blake, Garza and Ryan"", ""category"": ""business""}, {""date"": ""2023-01-31 00:12:27.410976"", ""amount"": 16.83, ""merchant"": ""Flynn-Lindsey"", ""category"": ""agricultural""}, {""date"": ""2023-02-02 05:09:27.120626"", ""amount"": 161.53, ""merchant"": ""Garza, Anderson and Small"", ""category"": ""contracted""}, {""date"": ""2023-02-04 06:27:38.269353"", ""amount"": 88.68, ""merchant"": ""Day, Patel and Hanson"", ""category"": ""transportation""}, {""date"": ""2023-02-07 05:45:43.563198"", ""amount"": 50.91, ""merchant"": ""Watts Ltd"", ""category"": ""business""}, {""date"": ""2023-02-13 11:03:58.671343"", ""amount"": 73.86, ""merchant"": ""Cook Ltd"", ""category"": ""professional""}, {""date"": ""2023-02-23 21:55:28.836098"", ""amount"": 102.85, ""merchant"": ""Murray PLC"", ""category"": ""utility""}, {""date"": ""2023-02-26 02:02:36.163084"", ""amount"": 146.11, ""merchant"": ""Taylor-Oneill"", ""category"": ""misc""}, {""date"": ""2023-02-26 17:35:43.047757"", ""amount"": 90.9, ""merchant"": ""Johnson, Young and Turner"", ""category"": ""clothing""}, {""date"": ""2023-02-28 22:25:20.661605"", ""amount"": 170.23, ""merchant"": ""Ochoa-Jenkins"", ""category"": ""utility""}, {""date"": ""2023-03-03 01:12:39.234281"", ""amount"": 85.31, ""merchant"": ""Shaw-Graves"", ""category"": ""misc""}, {""date"": ""2023-03-04 08:26:07.703020"", ""amount"": 86.12, ""merchant"": ""Shaw-Graves"", ""category"": ""misc""}, {""date"": ""2023-03-05 04:58:59.335662"", ""amount"": 114.82, ""merchant"": ""Wilson-Johnson"", ""category"": ""misc""}, {""date"": ""2023-03-06 00:34:14.611371"", ""amount"": 161.64, ""merchant"": ""Bailey, Lang and Johnson"", ""category"": ""misc""}, {""date"": ""2023-03-12 00:41:20.783480"", ""amount"": 38.36, ""merchant"": ""Bauer-Bennett"", ""category"": ""lodging""}, {""date"": ""2023-03-12 14:32:40.334677"", ""amount"": 89.68, ""merchant"": ""Werner LLC"", ""category"": ""professional""}, {""date"": ""2023-03-16 02:56:55.956810"", ""amount"": 62.01, ""merchant"": ""Bauer-Myers"", ""category"": ""utility""}, {""date"": ""2023-03-17 02:40:25.196632"", ""amount"": 77.6, ""merchant"": ""Black, Berg and Williams"", ""category"": ""clothing""}, {""date"": ""2023-03-17 21:43:41.664554"", ""amount"": 133.9, ""merchant"": ""Hancock-Vargas"", ""category"": ""lodging""}, {""date"": ""2023-03-24 14:57:13.684919"", ""amount"": 204.15, ""merchant"": ""Thomas Group"", ""category"": ""airlines""}, {""date"": ""2023-03-25 22:46:16.370369"", ""amount"": 1.77, ""merchant"": ""Gray-Donovan"", ""category"": ""lodging""}, {""date"": ""2023-03-26 03:53:51.369724"", ""amount"": 231.22, ""merchant"": ""Hutchinson, Davis and Wade"", ""category"": ""professional""}, {""date"": ""2023-04-07 19:40:32.674170"", ""amount"": 236.57, ""merchant"": ""Cross-Martin"", ""category"": ""transportation""}, {""date"": ""2023-04-20 19:35:19.474193"", ""amount"": 13.29, ""merchant"": ""Lopez-Lee"", ""category"": ""retail""}, {""date"": ""2023-05-15 17:45:59.042482"", ""amount"": 153.96, ""merchant"": ""Woods-Parsons"", ""category"": ""airlines""}, {""date"": ""2023-06-01 04:05:48.069710"", ""amount"": 77.26, ""merchant"": ""Bates Ltd"", ""category"": ""misc""}, {""date"": ""2023-06-08 05:40:58.295473"", ""amount"": 112.25, ""merchant"": ""Andrews-Butler"", ""category"": ""lodging""}, {""date"": ""2023-06-09 03:55:55.880611"", ""amount"": 60.79, ""merchant"": ""Ochoa-Jenkins"", ""category"": ""utility""}, {""date"": ""2023-06-10 07:07:27.047598"", ""amount"": 118.6, ""merchant"": ""Case-Kim"", ""category"": ""government""}, {""date"": ""2023-06-13 20:21:19.130761"", ""amount"": 228.19, ""merchant"": ""Morris-Jones"", ""category"": ""agricultural""}, {""date"": ""2023-06-13 23:25:04.728265"", ""amount"": 52.74, ""merchant"": ""Patterson Ltd"", ""category"": ""misc""}, {""date"": ""2023-06-19 07:36:33.726664"", ""amount"": 212.58, ""merchant"": ""Salas-Wright"", ""category"": ""contracted""}, {""date"": ""2023-07-02 15:27:22.598528"", ""amount"": 25.0, ""merchant"": ""Patel, Bailey and Guerra"", ""category"": ""transportation""}, {""date"": ""2023-07-02 15:50:52.419637"", ""amount"": 167.94, ""merchant"": ""Moore-Wilson"", ""category"": ""lodging""}, {""date"": ""2023-07-07 11:25:11.018369"", ""amount"": 98.59, ""merchant"": ""Garcia, Johnson and Powell"", ""category"": ""clothing""}, {""date"": ""2023-07-13 04:25:09.837337"", ""amount"": 228.85, ""merchant"": ""Salazar, Wright and Woods"", ""category"": ""transportation""}, {""date"": ""2023-07-13 05:21:26.547115"", ""amount"": 224.71, ""merchant"": ""Pierce-Medina"", ""category"": ""airlines""}, {""date"": ""2023-07-17 20:17:01.934726"", ""amount"": 189.49, ""merchant"": ""Robinson-Weeks"", ""category"": ""government""}, {""date"": ""2023-07-29 06:51:38.003636"", ""amount"": 74.39, ""merchant"": ""Jones, Moore and Porter"", ""category"": ""clothing""}, {""date"": ""2023-07-31 16:21:55.810271"", ""amount"": 216.71, ""merchant"": ""Brown, Nielsen and Cameron"", ""category"": ""misc""}, {""date"": ""2023-08-04 22:10:14.513800"", ""amount"": 129.09, ""merchant"": ""Brown-Phillips"", ""category"": ""misc""}, {""date"": ""2023-08-05 08:33:19.053718"", ""amount"": 239.75, ""merchant"": ""Hughes LLC"", ""category"": ""utility""}, {""date"": ""2023-08-14 07:21:08.922914"", ""amount"": 30.87, ""merchant"": ""Mills and Sons"", ""category"": ""airlines""}, {""date"": ""2023-09-02 00:28:38.581063"", ""amount"": 166.92, ""merchant"": ""Nielsen-Bryant"", ""category"": ""government""}, {""date"": ""2023-09-04 15:42:40.766220"", ""amount"": 52.07, ""merchant"": ""Wilson, Clark and Ford"", ""category"": ""clothing""}, {""date"": ""2023-09-22 21:45:54.538669"", ""amount"": 120.51, ""merchant"": ""Hoover, Owens and Collins"", ""category"": ""clothing""}, {""date"": ""2023-10-11 16:23:51.501047"", ""amount"": 191.12, ""merchant"": ""Daugherty-Keller"", ""category"": ""misc""}, {""date"": ""2023-10-24 17:02:14.180121"", ""amount"": 229.03, ""merchant"": ""Briggs-Yang"", ""category"": ""airlines""}, {""date"": ""2023-10-25 22:14:44.944456"", ""amount"": 213.9, ""merchant"": ""Alexander-Kelly"", ""category"": ""professional""}, {""date"": ""2023-10-30 03:06:18.870278"", ""amount"": 183.23, ""merchant"": ""Rodriguez PLC"", ""category"": ""agricultural""}, {""date"": ""2023-11-05 09:22:18.214273"", ""amount"": 68.32, ""merchant"": ""Merritt Inc"", ""category"": ""utility""}, {""date"": ""2023-11-07 19:56:20.755801"", ""amount"": 176.8, ""merchant"": ""Adams PLC"", ""category"": ""lodging""}, {""date"": ""2023-11-08 10:58:49.375545"", ""amount"": 160.92, ""merchant"": ""Lowe-Dalton"", ""category"": ""professional""}, {""date"": ""2023-11-24 06:33:54.990120"", ""amount"": 10.16, ""merchant"": ""Mitchell, Tyler and Gibson"", ""category"": ""transportation""}, {""date"": ""2023-11-25 10:21:59.432186"", ""amount"": 17.56, ""merchant"": ""Berger-Gibson"", ""category"": ""retail""}, {""date"": ""2023-11-28 20:54:58.767066"", ""amount"": 52.57, ""merchant"": ""Edwards Ltd"", ""category"": ""contracted""}, {""date"": ""2023-12-06 05:33:46.483872"", ""amount"": 246.11, ""merchant"": ""Velazquez-Griffin"", ""category"": ""retail""}, {""date"": ""2023-12-09 16:40:54.498609"", ""amount"": 230.99, ""merchant"": ""Nelson-Kramer"", ""category"": ""clothing""}, {""date"": ""2023-12-19 05:22:57.256607"", ""amount"": 107.9, ""merchant"": ""Hernandez-Miller"", ""category"": ""agricultural""}, {""date"": ""2023-12-23 02:22:57.465726"", ""amount"": 246.01, ""merchant"": ""Durham LLC"", ""category"": ""misc""}]"
"Development worker, international aid","Johnson, Lawrence and Williams",584-74-6977,"5849 Jamie Parks Apt. 563
New Robin, VT 93943","(Decimal('-14.9131095'), Decimal('19.401139'))",O-,"['https://mills.net/', 'http://harrison.org/', 'https://www.crosby.com/']",laguirre,Sergio Peterson DDS,M,"6402 Cameron Key
Douglasburgh, KY 70714",aking@gmail.com,1992-08-16,"[{""date"": ""2022-12-24 14:54:14.848506"", ""amount"": 167.25, ""merchant"": ""Wilson LLC"", ""category"": ""business""}, {""date"": ""2023-01-05 20:25:15.206444"", ""amount"": 236.39, ""merchant"": ""Sloan-Lewis"", ""category"": ""retail""}, {""date"": ""2023-01-16 23:25:12.573799"", ""amount"": 100.83, ""merchant"": ""Hutchinson, Davis and Wade"", ""category"": ""professional""}, {""date"": ""2023-01-24 13:36:12.809809"", ""amount"": 231.49, ""merchant"": ""Potter, Hardin and Watson"", ""category"": ""business""}, {""date"": ""2023-02-03 02:28:45.693599"", ""amount"": 75.03, ""merchant"": ""Vargas-Reese"", ""category"": ""retail""}, {""date"": ""2023-02-03 07:30:08.096923"", ""amount"": 135.1, ""merchant"": ""Warren-Weber"", ""category"": ""misc""}, {""date"": ""2023-02-04 19:22:27.658671"", ""amount"": 47.86, ""merchant"": ""Allen-James"", ""category"": ""utility""}, {""date"": ""2023-02-06 21:44:16.602640"", ""amount"": 104.71, ""merchant"": ""Bailey, Lang and Johnson"", ""category"": ""misc""}, {""date"": ""2023-02-14 14:34:54.095897"", ""amount"": 237.18, ""merchant"": ""Mcconnell, Smith and Bradley"", ""category"": ""airlines""}, {""date"": ""2023-02-18 06:54:56.562949"", ""amount"": 126.18, ""merchant"": ""Wolfe, Summers and Thompson"", ""category"": ""agricultural""}, {""date"": ""2023-02-26 22:25:52.639035"", ""amount"": 33.63, ""merchant"": ""Wheeler Ltd"", ""category"": ""transportation""}, {""date"": ""2023-03-03 08:45:56.509664"", ""amount"": 107.07, ""merchant"": ""Moore PLC"", ""category"": ""lodging""}, {""date"": ""2023-03-04 17:14:41.439148"", ""amount"": 139.63, ""merchant"": ""Dunn and Sons"", ""category"": ""agricultural""}, {""date"": ""2023-03-10 12:04:24.160796"", ""amount"": 101.71, ""merchant"": ""Rivera-Harrison"", ""category"": ""airlines""}, {""date"": ""2023-03-11 05:37:54.161956"", ""amount"": 45.5, ""merchant"": ""Meza-Johnson"", ""category"": ""contracted""}, {""date"": ""2023-03-26 06:55:13.599776"", ""amount"": 208.31, ""merchant"": ""Leblanc, Flores and Cuevas"", ""category"": ""clothing""}, {""date"": ""2023-03-27 00:05:28.034816"", ""amount"": 249.74, ""merchant"": ""Fletcher-Parker"", ""category"": ""misc""}, {""date"": ""2023-04-01 04:10:39.038039"", ""amount"": 97.73, ""merchant"": ""Armstrong-Roman"", ""category"": ""transportation""}, {""date"": ""2023-04-10 20:34:01.181808"", ""amount"": 224.95, ""merchant"": ""Mitchell, Tyler and Gibson"", ""category"": ""transportation""}, {""date"": ""2023-04-14 14:59:43.085316"", ""amount"": 107.77, ""merchant"": ""Gardner LLC"", ""category"": ""professional""}, {""date"": ""2023-04-23 11:59:53.274138"", ""amount"": 221.12, ""merchant"": ""King Inc"", ""category"": ""government""}, {""date"": ""2023-05-01 15:08:33.880219"", ""amount"": 140.92, ""merchant"": ""Austin-Price"", ""category"": ""misc""}, {""date"": ""2023-05-04 21:47:32.550491"", ""amount"": 247.5, ""merchant"": ""Sanchez PLC"", ""category"": ""government""}, {""date"": ""2023-05-18 08:57:27.163286"", ""amount"": 39.87, ""merchant"": ""Cannon-Zamora"", ""category"": ""contracted""}, {""date"": ""2023-05-31 17:27:58.969187"", ""amount"": 106.61, ""merchant"": ""Hanson, Mendoza and Johnson"", ""category"": ""agricultural""}, {""date"": ""2023-06-06 07:07:00.461938"", ""amount"": 8.16, ""merchant"": ""Powell, Hobbs and Cooley"", ""category"": ""lodging""}, {""date"": ""2023-06-06 13:34:50.543018"", ""amount"": 134.14, ""merchant"": ""Green, White and Lee"", ""category"": ""government""}, {""date"": ""2023-06-06 14:43:20.057083"", ""amount"": 158.62, ""merchant"": ""Johnson-Callahan"", ""category"": ""government""}, {""date"": ""2023-06-27 03:22:51.052494"", ""amount"": 235.57, ""merchant"": ""Brown Inc"", ""category"": ""airlines""}, {""date"": ""2023-07-02 08:32:07.588387"", ""amount"": 50.19, ""merchant"": ""Rodriguez-Carey"", ""category"": ""airlines""}, {""date"": ""2023-07-04 00:17:30.836720"", ""amount"": 231.97, ""merchant"": ""Horn, Clark and Mitchell"", ""category"": ""retail""}, {""date"": ""2023-07-09 00:28:03.763816"", ""amount"": 246.16, ""merchant"": ""Rodriguez-Mcintosh"", ""category"": ""government""}, {""date"": ""2023-07-09 11:45:03.622651"", ""amount"": 9.0, ""merchant"": ""Baxter Inc"", ""category"": ""retail""}, {""date"": ""2023-07-12 09:53:03.438402"", ""amount"": 225.46, ""merchant"": ""Jackson, Johnson and Wilson"", ""category"": ""contracted""}, {""date"": ""2023-07-20 15:52:48.692704"", ""amount"": 195.62, ""merchant"": ""Parker, King and Logan"", ""category"": ""agricultural""}, {""date"": ""2023-07-22 09:09:01.176974"", ""amount"": 137.24, ""merchant"": ""Rivera-Brooks"", ""category"": ""contracted""}, {""date"": ""2023-07-28 10:18:12.118724"", ""amount"": 166.34, ""merchant"": ""Raymond Group"", ""category"": ""professional""}, {""date"": ""2023-08-02 12:58:51.360624"", ""amount"": 82.91, ""merchant"": ""Parker-Ramirez"", ""category"": ""transportation""}, {""date"": ""2023-08-20 04:17:25.324334"", ""amount"": 109.85, ""merchant"": ""Williams Group"", ""category"": ""lodging""}, {""date"": ""2023-08-26 09:59:47.497786"", ""amount"": 26.47, ""merchant"": ""Simmons, Jensen and Huerta"", ""category"": ""agricultural""}, {""date"": ""2023-08-26 18:09:22.159244"", ""amount"": 60.02, ""merchant"": ""Riley-Weber"", ""category"": ""business""}, {""date"": ""2023-08-30 23:54:20.008718"", ""amount"": 130.88, ""merchant"": ""Brown, Pham and Luna"", ""category"": ""transportation""}, {""date"": ""2023-09-02 02:48:20.275697"", ""amount"": 188.56, ""merchant"": ""Howard, Kennedy and Avery"", ""category"": ""retail""}, {""date"": ""2023-09-09 04:14:48.708221"", ""amount"": 206.69, ""merchant"": ""Davis Group"", ""category"": ""contracted""}, {""date"": ""2023-09-17 04:26:58.128704"", ""amount"": 161.4, ""merchant"": ""Lin, Macdonald and Johnson"", ""category"": ""airlines""}, {""date"": ""2023-09-29 10:49:02.874596"", ""amount"": 104.23, ""merchant"": ""Hoffman-Ortiz"", ""category"": ""utility""}, {""date"": ""2023-10-01 20:08:16.937464"", ""amount"": 57.79, ""merchant"": ""Dawson LLC"", ""category"": ""professional""}, {""date"": ""2023-10-03 23:24:40.947136"", ""amount"": 131.27, ""merchant"": ""Graham, Santiago and Harvey"", ""category"": ""professional""}, {""date"": ""2023-10-07 12:04:28.324310"", ""amount"": 198.9, ""merchant"": ""Patel, Bailey and Guerra"", ""category"": ""transportation""}, {""date"": ""2023-10-07 19:39:27.260089"", ""amount"": 186.27, ""merchant"": ""Thompson, Thomas and Morrow"", ""category"": ""retail""}, {""date"": ""2023-10-09 03:50:40.654004"", ""amount"": 123.8, ""merchant"": ""Moore, Sloan and Vazquez"", ""category"": ""contracted""}, {""date"": ""2023-10-17 21:04:12.221056"", ""amount"": 72.79, ""merchant"": ""Berry, Rivera and Munoz"", ""category"": ""lodging""}, {""date"": ""2023-10-25 14:44:17.278552"", ""amount"": 149.31, ""merchant"": ""Ward-Chung"", ""category"": ""retail""}, {""date"": ""2023-10-27 19:19:30.203959"", ""amount"": 48.96, ""merchant"": ""Reyes-Wolfe"", ""category"": ""transportation""}, {""date"": ""2023-11-04 12:33:36.799199"", ""amount"": 4.29, ""merchant"": ""Nichols and Sons"", ""category"": ""airlines""}, {""date"": ""2023-11-23 02:17:08.685413"", ""amount"": 245.28, ""merchant"": ""Gallegos, Mcintyre and Butler"", ""category"": ""professional""}, {""date"": ""2023-12-03 19:35:55.317312"", ""amount"": 153.34, ""merchant"": ""Lewis, Riley and White"", ""category"": ""professional""}, {""date"": ""2023-12-05 13:42:31.515676"", ""amount"": 214.14, ""merchant"": ""Gillespie-Martinez"", ""category"": ""utility""}, {""date"": ""2023-12-09 11:29:50.699043"", ""amount"": 55.42, ""merchant"": ""Howard-Reed"", ""category"": ""utility""}, {""date"": ""2023-12-10 00:20:04.722827"", ""amount"": 117.43, ""merchant"": ""Richardson, Perez and Frank"", ""category"": ""clothing""}, {""date"": ""2023-12-14 21:34:56.834701"", ""amount"": 211.53, ""merchant"": ""Roberts-Pham"", ""category"": ""business""}, {""date"": ""2023-12-15 03:00:32.453462"", ""amount"": 159.84, ""merchant"": ""Johnson LLC"", ""category"": ""retail""}, {""date"": ""2023-12-21 11:07:07.709047"", ""amount"": 92.03, ""merchant"": ""Mills and Sons"", ""category"": ""airlines""}, {""date"": ""2023-12-23 11:07:38.214932"", ""amount"": 142.03, ""merchant"": ""Berger-Gibson"", ""category"": ""retail""}]"
Marine scientist,Diaz-Reilly,428-08-7718,"236 Foster Highway
Martinezfurt, TN 36387","(Decimal('-70.5517745'), Decimal('39.437118'))",AB+,"['https://adams-young.com/', 'http://olson-larson.net/', 'https://pham.com/']",logansmith,Jose Graves,M,"4960 Willie Shoal Apt. 840
Washingtonside, OH 82008",ychandler@hotmail.com,1938-04-18,"[{""date"": ""2022-12-25 05:16:53.469811"", ""amount"": 159.08, ""merchant"": ""Aguirre-Ferguson"", ""category"": ""clothing""}, {""date"": ""2023-01-02 01:44:56.359853"", ""amount"": 174.45, ""merchant"": ""White-Bell"", ""category"": ""misc""}, {""date"": ""2023-01-03 02:33:38.970541"", ""amount"": 120.48, ""merchant"": ""Rose-Moore"", ""category"": ""government""}, {""date"": ""2023-01-06 04:22:38.442125"", ""amount"": 149.79, ""merchant"": ""Berry, Rivera and Munoz"", ""category"": ""lodging""}, {""date"": ""2023-01-22 17:48:13.404898"", ""amount"": 247.53, ""merchant"": ""Anderson-Hawkins"", ""category"": ""business""}, {""date"": ""2023-01-28 14:02:30.046564"", ""amount"": 226.15, ""merchant"": ""Sanchez, Pratt and Wilson"", ""category"": ""contracted""}, {""date"": ""2023-01-31 02:16:50.536197"", ""amount"": 58.97, ""merchant"": ""Forbes-Roberts"", ""category"": ""airlines""}, {""date"": ""2023-01-31 15:48:12.165481"", ""amount"": 54.09, ""merchant"": ""Hall-Coleman"", ""category"": ""retail""}, {""date"": ""2023-02-02 05:28:09.694777"", ""amount"": 155.89, ""merchant"": ""Mccormick, Miranda and Allen"", ""category"": ""business""}, {""date"": ""2023-02-23 12:58:07.133855"", ""amount"": 158.17, ""merchant"": ""Dyer, Reeves and Cruz"", ""category"": ""professional""}, {""date"": ""2023-02-26 13:01:41.697349"", ""amount"": 88.81, ""merchant"": ""Estrada and Sons"", ""category"": ""misc""}, {""date"": ""2023-03-04 15:01:24.429815"", ""amount"": 64.44, ""merchant"": ""Mendoza-Holmes"", ""category"": ""transportation""}, {""date"": ""2023-03-05 01:51:01.488475"", ""amount"": 124.12, ""merchant"": ""Villarreal, Jennings and Delacruz"", ""category"": ""clothing""}, {""date"": ""2023-03-05 23:39:56.138345"", ""amount"": 213.85, ""merchant"": ""Raymond Group"", ""category"": ""professional""}, {""date"": ""2023-03-09 08:30:16.572121"", ""amount"": 109.59, ""merchant"": ""Johnson-Anderson"", ""category"": ""professional""}, {""date"": ""2023-03-18 16:23:23.445899"", ""amount"": 5.38, ""merchant"": ""Johnson PLC"", ""category"": ""utility""}, {""date"": ""2023-03-22 21:48:16.459033"", ""amount"": 249.8, ""merchant"": ""Freeman, Wright and Gonzalez"", ""category"": ""misc""}, {""date"": ""2023-04-04 07:03:22.181057"", ""amount"": 125.65, ""merchant"": ""Martin-Bautista"", ""category"": ""contracted""}, {""date"": ""2023-04-30 14:48:43.667555"", ""amount"": 83.7, ""merchant"": ""Conley-Mcknight"", ""category"": ""contracted""}, {""date"": ""2023-05-01 08:45:22.530885"", ""amount"": 152.56, ""merchant"": ""Rodriguez-Carey"", ""category"": ""airlines""}, {""date"": ""2023-05-05 13:40:38.788305"", ""amount"": 176.54, ""merchant"": ""Powers Inc"", ""category"": ""airlines""}, {""date"": ""2023-05-11 14:53:42.994420"", ""amount"": 186.51, ""merchant"": ""Salazar, Wright and Woods"", ""category"": ""transportation""}, {""date"": ""2023-05-20 00:05:03.305123"", ""amount"": 147.19, ""merchant"": ""Small, Nguyen and Harris"", ""category"": ""airlines""}, {""date"": ""2023-05-20 19:17:30.036791"", ""amount"": 24.36, ""merchant"": ""Kirby LLC"", ""category"": ""utility""}, {""date"": ""2023-06-05 18:09:02.592741"", ""amount"": 244.21, ""merchant"": ""Adams Ltd"", ""category"": ""government""}, {""date"": ""2023-06-05 20:55:43.643462"", ""amount"": 18.9, ""merchant"": ""Rhodes LLC"", ""category"": ""transportation""}, {""date"": ""2023-06-10 16:45:53.483134"", ""amount"": 159.19, ""merchant"": ""Flores, Oliver and Burch"", ""category"": ""transportation""}, {""date"": ""2023-06-14 02:33:54.826401"", ""amount"": 234.27, ""merchant"": ""Johnson-Martinez"", ""category"": ""utility""}, {""date"": ""2023-06-16 20:29:46.482886"", ""amount"": 86.81, ""merchant"": ""Ward Ltd"", ""category"": ""misc""}, {""date"": ""2023-06-20 14:07:46.273487"", ""amount"": 223.44, ""merchant"": ""Gardner PLC"", ""category"": ""agricultural""}, {""date"": ""2023-06-24 16:08:46.988034"", ""amount"": 9.2, ""merchant"": ""Kelly and Sons"", ""category"": ""lodging""}, {""date"": ""2023-07-02 15:37:14.808488"", ""amount"": 39.1, ""merchant"": ""Phillips PLC"", ""category"": ""agricultural""}, {""date"": ""2023-07-16 18:40:15.536074"", ""amount"": 7.57, ""merchant"": ""Flores PLC"", ""category"": ""business""}, {""date"": ""2023-07-17 09:19:28.580343"", ""amount"": 193.44, ""merchant"": ""Tucker, Patterson and Newton"", ""category"": ""airlines""}, {""date"": ""2023-07-17 23:29:01.521079"", ""amount"": 66.22, ""merchant"": ""Brown, Nielsen and Cameron"", ""category"": ""misc""}, {""date"": ""2023-07-21 02:38:44.961948"", ""amount"": 26.29, ""merchant"": ""Williams, Williams and Thompson"", ""category"": ""retail""}, {""date"": ""2023-07-23 23:56:48.676750"", ""amount"": 153.42, ""merchant"": ""Davis PLC"", ""category"": ""professional""}, {""date"": ""2023-08-02 10:58:41.306910"", ""amount"": 141.94, ""merchant"": ""Richards, Moss and Miller"", ""category"": ""lodging""}, {""date"": ""2023-08-03 08:10:32.680231"", ""amount"": 77.48, ""merchant"": ""Durham LLC"", ""category"": ""misc""}, {""date"": ""2023-08-03 13:58:06.279462"", ""amount"": 126.9, ""merchant"": ""Black, Tucker and Beck"", ""category"": ""airlines""}, {""date"": ""2023-08-15 18:28:35.855630"", ""amount"": 168.38, ""merchant"": ""Cowan, Jordan and Peterson"", ""category"": ""transportation""}, {""date"": ""2023-08-18 09:15:10.140121"", ""amount"": 15.77, ""merchant"": ""Mccormick, Miranda and Allen"", ""category"": ""business""}, {""date"": ""2023-08-19 05:04:16.723703"", ""amount"": 94.47, ""merchant"": ""Phillips, Adams and Bullock"", ""category"": ""retail""}, {""date"": ""2023-08-30 02:26:43.877495"", ""amount"": 93.61, ""merchant"": ""Rivera, Turner and Bell"", ""category"": ""utility""}, {""date"": ""2023-08-30 09:32:08.338394"", ""amount"": 234.49, ""merchant"": ""Marshall-Diaz"", ""category"": ""clothing""}, {""date"": ""2023-09-06 16:18:24.436344"", ""amount"": 59.18, ""merchant"": ""Blackwell, Hill and Arnold"", ""category"": ""business""}, {""date"": ""2023-09-08 02:39:23.431270"", ""amount"": 125.84, ""merchant"": ""Rodriguez, Mcdonald and Ward"", ""category"": ""professional""}, {""date"": ""2023-09-10 19:01:56.083525"", ""amount"": 102.56, ""merchant"": ""Short-Morris"", ""category"": ""retail""}, {""date"": ""2023-09-12 13:03:00.410845"", ""amount"": 198.97, ""merchant"": ""Jones, Bentley and Winters"", ""category"": ""misc""}, {""date"": ""2023-09-13 09:40:59.014546"", ""amount"": 238.77, ""merchant"": ""Wade-Mcfarland"", ""category"": ""business""}, {""date"": ""2023-09-17 12:05:36.329123"", ""amount"": 97.58, ""merchant"": ""Horn, Johnson and Bishop"", ""category"": ""contracted""}, {""date"": ""2023-09-30 23:27:07.552224"", ""amount"": 213.17, ""merchant"": ""Booth-Russell"", ""category"": ""government""}, {""date"": ""2023-10-14 09:58:01.716270"", ""amount"": 39.62, ""merchant"": ""Gibbs, Serrano and Garcia"", ""category"": ""transportation""}, {""date"": ""2023-10-22 00:19:11.112505"", ""amount"": 55.89, ""merchant"": ""Hoover-Morales"", ""category"": ""transportation""}, {""date"": ""2023-10-25 03:09:17.393314"", ""amount"": 242.72, ""merchant"": ""Williams-Hayes"", ""category"": ""clothing""}, {""date"": ""2023-10-28 17:53:34.440712"", ""amount"": 194.6, ""merchant"": ""Ray, Green and Juarez"", ""category"": ""agricultural""}, {""date"": ""2023-11-11 18:52:04.945209"", ""amount"": 118.71, ""merchant"": ""Garrett-Rodriguez"", ""category"": ""utility""}, {""date"": ""2023-11-13 19:23:48.385185"", ""amount"": 85.18, ""merchant"": ""Espinoza, Anderson and Nguyen"", ""category"": ""business""}, {""date"": ""2023-11-23 13:10:31.441892"", ""amount"": 70.63, ""merchant"": ""King-Smith"", ""category"": ""airlines""}, {""date"": ""2023-11-25 20:02:00.505061"", ""amount"": 164.15, ""merchant"": ""Vargas, Nguyen and Bennett"", ""category"": ""professional""}, {""date"": ""2023-11-28 01:10:55.524020"", ""amount"": 94.75, ""merchant"": ""Brown Group"", ""category"": ""contracted""}, {""date"": ""2023-12-16 09:08:34.203582"", ""amount"": 119.83, ""merchant"": ""Lopez-Lee"", ""category"": ""retail""}, {""date"": ""2023-12-22 02:04:39.499677"", ""amount"": 226.96, ""merchant"": ""Jackson, Green and Jones"", ""category"": ""professional""}, {""date"": ""2023-12-23 17:56:50.888298"", ""amount"": 213.66, ""merchant"": ""Frank LLC"", ""category"": ""transportation""}]"
